Date,Open,High,Low,Close,Volume,Adj Close
2015-06-26,83.93,83.93,83.830002,83.830002,500,83.830002
2015-06-25,84.32,84.32,84.32,84.32,000,84.32
2015-06-24,84.32,84.32,84.32,84.32,300,84.32
2015-06-23,84.410004,84.470001,84.410004,84.470001,1100,84.470001
2015-06-22,84.720001,84.720001,84.720001,84.720001,500,84.720001
2015-06-19,85.25,85.25,85.220001,85.220001,300,85.220001
2015-06-18,84.769997,84.769997,84.540001,84.639999,1300,84.639999
2015-06-17,84.57,84.610001,84.529999,84.529999,900,84.529999
2015-06-16,84.809998,84.809998,84.809998,84.809998,500,84.809998
2015-06-15,84.580002,84.580002,84.50,84.50,300,84.50
2015-06-12,84.50,84.68,84.50,84.599998,500,84.599998
2015-06-11,83.980003,84.360001,83.970001,84.349998,3500,84.349998
2015-06-10,83.709999,83.889999,83.709999,83.889999,600,83.889999
2015-06-09,84.00,84.019997,84.00,84.019997,500,84.019997
2015-06-08,84.339996,84.400002,84.339996,84.400002,1100,84.400002
2015-06-05,84.190002,84.190002,84.190002,84.190002,200,84.190002
2015-06-04,84.760002,84.889999,84.730003,84.889999,1000,84.889999
2015-06-03,84.629997,84.629997,84.629997,84.629997,600,84.629997
2015-06-02,85.099998,85.099998,85.099998,85.099998,600,85.099998
2015-06-01,85.669998,85.800003,85.580002,85.620003,900,85.620003
2015-05-29,86.209999,86.209999,86.080002,86.080002,400,86.080002
2015-05-28,86.010002,86.120003,86.010002,86.120003,700,85.960002
2015-05-27,85.900002,86.089996,85.800003,86.089996,900,85.930052
2015-05-26,85.370003,85.370003,85.370003,85.370003,000,85.211396
2015-05-22,85.599998,85.68,85.370003,85.370003,600,85.211396
2015-05-21,85.57,85.57,85.57,85.57,200,85.411021
2015-05-20,85.260002,85.260002,85.260002,85.260002,100,85.1016
2015-05-19,85.139999,85.32,85.110001,85.25,3100,85.091616
2015-05-18,85.690002,85.690002,85.489998,85.489998,1200,85.331168
2015-05-15,85.879997,86.139999,85.879997,86.139999,400,85.979962
2015-05-14,85.449997,85.449997,85.43,85.43,1800,85.271282
2015-05-13,85.480003,85.480003,85.480003,85.480003,4900,85.321192
2015-05-12,85.010002,85.419998,84.989998,85.150002,11100,84.991803
2015-05-11,85.589996,85.589996,85.07,85.07,900,84.91195
2015-05-08,85.959999,85.959999,85.959999,85.959999,500,85.800296
2015-05-07,85.330002,85.330002,85.330002,85.330002,000,85.171469
2015-05-06,85.699997,85.699997,85.260002,85.330002,3400,85.171469
2015-05-05,85.660004,85.669998,85.650002,85.650002,600,85.490874
2015-05-04,86.209999,86.209999,85.910004,85.910004,1700,85.750393
2015-05-01,86.25,86.25,85.949997,86.07,9700,85.910092
2015-04-30,86.309998,86.510002,86.309998,86.510002,1300,86.349277
2015-04-29,86.730003,86.730003,86.599998,86.610001,1700,86.44909
2015-04-28,87.25,87.25,87.07,87.07,800,86.908234
2015-04-27,87.440002,87.440002,87.440002,87.440002,000,87.27755
2015-04-24,87.529999,87.529999,87.43,87.440002,2700,87.27755
2015-04-23,87.040001,87.339996,87.040001,87.339996,2600,87.177729
2015-04-22,87.370003,87.370003,87.050003,87.050003,9200,86.888275
2015-04-21,87.639999,87.919998,87.510002,87.510002,13500,87.347419
2015-04-20,87.870003,87.870003,87.589996,87.589996,2500,87.427265
2015-04-17,87.870003,87.870003,87.870003,87.870003,200,87.706751
2015-04-16,87.690002,87.800003,87.690002,87.800003,1000,87.636881
2015-04-15,87.809998,87.809998,87.669998,87.669998,2000,87.507118
2015-04-14,87.839996,87.93,87.709999,87.709999,2000,87.547045
2015-04-13,87.32,87.529999,87.32,87.32,1600,87.15777
2015-04-10,87.269997,87.269997,87.230003,87.239998,700,87.077917
2015-04-09,87.510002,87.510002,87.129997,87.230003,1900,87.067941
2015-04-08,87.779999,87.779999,87.470001,87.470001,1600,87.307493
2015-04-07,87.540001,87.68,87.389999,87.68,2700,87.517102
2015-04-06,87.830002,87.830002,87.589996,87.589996,300,87.427265
2015-04-02,87.760002,87.760002,87.459999,87.629997,1400,87.467192
2015-04-01,87.580002,87.800003,87.580002,87.709999,9900,87.547045
2015-03-31,87.080002,87.330002,87.080002,87.290001,8000,87.127827
2015-03-30,87.290001,87.290001,87.209999,87.220001,3900,86.898253
2015-03-27,87.010002,87.010002,87.010002,87.010002,000,86.689028
2015-03-26,87.199997,87.199997,87.010002,87.010002,1300,86.689028
2015-03-25,87.739998,87.739998,87.540001,87.540001,3000,87.217072
2015-03-24,87.550003,87.779999,87.550003,87.779999,600,87.456184
2015-03-23,87.470001,87.50,87.419998,87.459999,6000,87.137365
2015-03-20,87.269997,87.459999,87.239998,87.459999,1000,87.137365
2015-03-19,87.370003,87.400002,86.900002,86.900002,3400,86.579433
2015-03-18,86.599998,87.57,86.489998,87.57,3100,87.24696
2015-03-17,86.440002,86.459999,86.43,86.43,2500,86.111166
2015-03-16,86.339996,86.339996,86.25,86.25,1300,85.93183
2015-03-13,85.769997,86.129997,85.769997,86.040001,10400,85.722605
2015-03-12,86.370003,86.370003,86.110001,86.110001,1700,85.792347
2015-03-11,85.82,85.82,85.82,85.82,000,85.503416
2015-03-10,85.970001,85.970001,85.82,85.82,96300,85.503416
2015-03-09,85.379997,85.550003,85.360001,85.489998,2600,85.174631
2015-03-06,85.669998,85.669998,85.010002,85.010002,2600,84.696406
2015-03-05,85.870003,86.050003,85.839996,86.050003,3800,85.73257
2015-03-04,86.019997,86.019997,85.790001,85.790001,1900,85.473527
2015-03-03,86.029999,86.160004,85.970001,85.970001,5000,85.652864
2015-03-02,86.480003,86.68,83.900002,86.059998,618100,85.742528
2015-02-27,86.57,86.75,86.309998,86.720001,9700,86.400097
2015-02-26,86.82,86.919998,86.580002,86.580002,5800,86.106189
2015-02-25,86.889999,87.129997,86.809998,87.129997,6000,86.653175
2015-02-24,86.290001,87.010002,86.290001,86.879997,4700,86.404543
2015-02-23,86.239998,86.400002,86.209999,86.389999,6400,85.917227
2015-02-20,86.440002,86.440002,85.769997,85.93,11900,85.459745
2015-02-19,86.230003,86.379997,85.910004,86.029999,5600,85.559196
2015-02-18,85.779999,86.239998,85.779999,86.239998,11100,85.768046
2015-02-17,86.349998,86.709999,85.699997,85.839996,8200,85.370233
2015-02-13,86.629997,86.93,86.440002,86.50,10800,86.026625
2015-02-12,87.00,87.00,86.599998,86.709999,6100,86.235475
2015-02-11,86.910004,86.910004,86.650002,86.75,6900,86.275257
2015-02-10,86.790001,87.019997,86.730003,86.82,13200,86.344874
2015-02-09,87.209999,87.32,86.949997,87.029999,7800,86.553724
2015-02-06,87.360001,87.370003,86.959999,87.120003,6600,86.643235
2015-02-05,88.110001,88.300003,87.839996,88.040001,5400,87.558198
2015-02-04,87.949997,88.339996,87.82,88.330002,9400,87.846612
2015-02-03,88.440002,88.599998,88.089996,88.190002,11800,87.707379
2015-02-02,88.790001,89.150002,88.699997,88.910004,50600,88.42344
2015-01-30,89.139999,89.25,88.540001,88.989998,13100,88.502996
2015-01-29,88.400002,88.699997,88.239998,88.540001,11400,87.903299
2015-01-28,88.309998,88.860001,88.080002,88.699997,20900,88.062144
2015-01-27,88.449997,88.470001,87.870003,88.029999,24400,87.396964
2015-01-26,87.980003,88.260002,87.860001,87.949997,10900,87.317538
2015-01-23,88.150002,88.239998,87.910004,88.120003,16100,87.486321
2015-01-22,87.970001,88.00,87.470001,87.57,12400,86.940273
2015-01-21,88.18,88.440002,87.68,87.68,56400,87.049483
2015-01-20,88.309998,88.629997,88.00,88.209999,17400,87.57567
2015-01-16,88.480003,88.480003,87.900002,87.900002,11000,87.267902
2015-01-15,88.129997,88.720001,88.010002,88.660004,10800,88.022439
2015-01-14,88.190002,88.370003,87.870003,87.870003,16400,87.238119
2015-01-13,87.379997,87.739998,87.269997,87.529999,16000,86.90056
2015-01-12,87.269997,87.629997,87.139999,87.440002,23900,86.811211
2015-01-09,86.809998,87.279999,86.720001,87.110001,13800,86.483582
2015-01-08,86.830002,86.889999,86.599998,86.68,13100,86.056674
2015-01-07,86.860001,87.220001,86.730003,87.220001,11500,86.592792
2015-01-06,86.720001,87.690002,86.720001,87.110001,23900,86.483582
2015-01-05,86.410004,86.589996,86.339996,86.57,17600,85.947464
2015-01-02,85.769997,86.230003,85.769997,85.910004,7400,85.292214
2014-12-31,85.610001,85.620003,85.510002,85.599998,10300,84.984438
2014-12-30,85.529999,85.620003,85.410004,85.480003,8000,84.865306
2014-12-29,85.400002,85.419998,85.279999,85.32,4000,84.706453
2014-12-26,85.220001,85.25,85.080002,85.169998,3200,84.411585
2014-12-24,84.949997,85.089996,84.860001,85.089996,4800,84.332296
2014-12-23,85.50,85.790001,85.110001,85.120003,17900,84.362035
2014-12-22,86.050003,86.050003,85.589996,85.739998,8200,84.976509
2014-12-19,85.440002,85.82,85.440002,85.800003,5200,85.03598
2014-12-18,85.370003,85.519997,85.360001,85.459999,4600,84.699004
2014-12-17,86.379997,86.440002,85.910004,85.980003,9500,85.214378
2014-12-16,86.529999,86.599998,86.330002,86.459999,5000,85.690099
2014-12-15,86.059998,86.440002,86.059998,86.110001,4900,85.343217
2014-12-12,86.00,86.419998,86.00,86.389999,6100,85.620723
2014-12-11,85.519997,85.75,85.489998,85.75,3400,84.986422
2014-12-10,85.459999,85.82,85.459999,85.809998,11100,85.045886
2014-12-09,85.410004,85.529999,85.300003,85.470001,14100,84.708917
2014-12-08,85.010002,85.220001,84.949997,85.120003,5700,84.362035
2014-12-05,84.809998,84.910004,84.699997,84.849998,6100,84.094435
2014-12-04,85.050003,85.129997,85.029999,85.110001,4800,84.352122
2014-12-03,84.940002,84.980003,84.82,84.949997,2900,84.193543
2014-12-02,85.07,85.080002,84.889999,84.959999,7400,84.203456
2014-12-01,85.800003,85.800003,85.370003,85.370003,7400,84.609809
2014-11-28,85.25,85.779999,85.25,85.720001,2600,84.956691
2014-11-26,85.300003,85.440002,85.279999,85.389999,3800,84.483936
2014-11-25,85.00,85.199997,84.989998,85.190002,3800,84.286062
2014-11-24,84.800003,84.980003,84.75,84.980003,3500,84.078291
2014-11-21,84.739998,84.849998,84.690002,84.849998,10200,83.949665
2014-11-20,84.839996,84.839996,84.580002,84.610001,6600,83.712214
2014-11-19,84.43,84.730003,84.43,84.470001,8800,83.5737
2014-11-18,84.690002,84.790001,84.690002,84.739998,6500,83.840832
2014-11-17,84.860001,84.860001,84.589996,84.629997,4200,83.731999
2014-11-14,84.540001,84.849998,84.540001,84.699997,3900,83.801256
2014-11-13,84.580002,84.599998,84.470001,84.599998,5000,83.702318
2014-11-12,84.620003,84.620003,84.440002,84.480003,2600,83.583596
2014-11-11,84.449997,84.580002,84.339996,84.400002,5800,83.504443
2014-11-10,84.559998,84.559998,84.449997,84.550003,3400,83.652853
2014-11-07,84.650002,84.830002,84.650002,84.830002,3900,83.929881
2014-11-06,84.32,84.389999,84.32,84.330002,1500,83.435186
2014-11-05,84.440002,84.540001,84.370003,84.540001,4900,83.642957
2014-11-04,84.529999,84.660004,84.510002,84.510002,2600,83.613277
2014-11-03,84.400002,84.519997,84.279999,84.50,20200,83.603381
2014-10-31,84.580002,84.690002,84.440002,84.589996,4100,83.692422
2014-10-30,85.050003,85.050003,84.830002,84.849998,2900,83.804228
2014-10-29,84.870003,84.870003,84.510002,84.709999,5500,83.665954
2014-10-28,85.080002,85.089996,85.040001,85.040001,4100,83.991889
2014-10-27,85.220001,85.260002,85.150002,85.190002,6500,84.140042
2014-10-24,85.190002,85.230003,85.059998,85.120003,5100,84.070905
2014-10-23,85.139999,85.150002,84.949997,85.150002,9000,84.100534
2014-10-22,85.379997,85.459999,85.260002,85.410004,5100,84.357331
2014-10-21,85.449997,85.599998,85.449997,85.519997,5100,84.465969
2014-10-20,85.669998,85.699997,85.669998,85.699997,17700,84.643751
2014-10-17,85.550003,85.620003,85.440002,85.589996,4500,84.535106
2014-10-16,85.959999,86.010002,85.709999,85.730003,9500,84.673387
2014-10-15,86.790001,88.139999,86.540001,87.059998,5900,85.986989
2014-10-14,85.410004,85.43,85.300003,85.349998,8000,84.298066
2014-10-13,84.82,85.459999,84.82,85.459999,6800,84.406711
2014-10-10,84.769997,84.889999,84.760002,84.889999,5900,83.843736
2014-10-09,84.769997,84.790001,84.660004,84.660004,2200,83.616575
2014-10-08,84.519997,84.720001,84.290001,84.720001,4000,83.675833
2014-10-07,84.199997,84.519997,84.199997,84.519997,5100,83.478294
2014-10-06,83.989998,84.07,83.980003,84.07,4000,83.033843
2014-10-03,83.690002,83.870003,83.629997,83.82,8700,82.786924
2014-10-02,84.080002,84.150002,84.00,84.010002,11700,82.974585
2014-10-01,83.510002,84.199997,83.510002,84.099998,17800,83.063472
2014-09-30,83.389999,83.50,83.389999,83.43,10200,82.401731
2014-09-29,83.68,83.730003,83.629997,83.68,170100,82.489632
2014-09-26,83.400002,83.43,83.370003,83.379997,5700,82.193896
2014-09-25,83.470001,83.540001,83.459999,83.50,2300,82.312192
2014-09-24,83.379997,83.379997,83.279999,83.279999,3500,82.09532
2014-09-23,83.379997,83.379997,83.309998,83.330002,2900,82.144612
2014-09-22,83.129997,83.220001,83.089996,83.18,3500,81.996744
2014-09-19,82.709999,82.989998,82.709999,82.970001,2400,81.789733
2014-09-18,82.75,82.75,82.669998,82.699997,3000,81.523569
2014-09-17,83.019997,83.169998,83.019997,83.110001,2400,81.927741
2014-09-16,83.019997,83.169998,83.019997,83.169998,2700,81.986885
2014-09-15,83.029999,83.059998,82.989998,83.00,7500,81.819305
2014-09-12,82.739998,83.029999,82.739998,82.839996,7000,81.661577
2014-09-11,83.419998,83.470001,83.209999,83.209999,5500,82.026317
2014-09-10,83.220001,83.489998,83.169998,83.290001,3000,82.10518
2014-09-09,83.510002,83.669998,83.379997,83.510002,4200,82.322052
2014-09-08,84.050003,84.050003,83.690002,83.690002,3300,82.499492
2014-09-05,83.970001,84.059998,83.910004,83.949997,54800,82.755788
2014-09-04,83.93,83.93,83.760002,83.760002,4300,82.568496
2014-09-03,83.75,84.050003,83.75,84.050003,16500,82.854371
2014-09-02,84.080002,84.110001,83.980003,84.019997,166600,82.824792
2014-08-29,84.639999,84.639999,84.449997,84.550003,3300,83.347259
2014-08-28,84.709999,84.709999,84.599998,84.650002,3300,83.287127
2014-08-27,84.519997,84.529999,84.50,84.529999,5300,83.169057
2014-08-26,84.529999,84.529999,84.279999,84.370003,2500,83.011637
2014-08-25,84.00,84.459999,83.940002,84.260002,8000,82.903407
2014-08-22,84.239998,84.349998,84.190002,84.349998,4900,82.991954
2014-08-21,84.099998,84.290001,84.089996,84.290001,8300,82.932923
2014-08-20,84.25,84.25,83.839996,84.059998,6500,82.706622
2014-08-19,84.529999,84.529999,84.300003,84.300003,5400,82.942764
2014-08-18,84.440002,84.440002,84.360001,84.43,8100,83.070668
2014-08-15,84.459999,85.32,84.459999,85.32,3600,83.946338
2014-08-14,84.160004,84.309998,84.150002,84.300003,5200,82.942764
2014-08-13,84.120003,84.209999,84.099998,84.209999,2400,82.854209
2014-08-12,83.889999,83.970001,83.889999,83.970001,2700,82.618075
2014-08-11,83.970001,84.099998,83.970001,84.099998,4500,82.745979
2014-08-08,84.110001,84.190002,84.00,84.00,10800,82.647591
2014-08-07,83.769997,84.129997,83.769997,84.129997,12900,82.775495
2014-08-06,83.82,83.82,83.709999,83.730003,11200,82.381941
2014-08-05,83.480003,83.699997,83.43,83.690002,8100,82.342584
2014-08-04,83.599998,83.629997,83.589996,83.620003,7400,82.273712
2014-08-01,83.459999,83.550003,83.459999,83.529999,4300,82.185157
2014-07-31,83.199997,83.220001,83.080002,83.18,2700,81.840793
2014-07-30,83.519997,83.559998,81.50,83.029999,8900,81.538734
2014-07-29,83.870003,84.089996,83.739998,83.82,8300,82.314547
2014-07-28,83.610001,83.650002,83.610001,83.650002,177600,82.147602
2014-07-25,83.68,83.82,83.68,83.82,7700,82.314547
2014-07-24,83.760002,83.760002,83.459999,83.57,7300,82.069037
2014-07-23,83.839996,83.93,83.830002,83.93,9200,82.422571
2014-07-22,83.68,83.849998,83.68,83.849998,6000,82.344007
2014-07-21,83.75,84.190002,83.730003,83.730003,5100,82.226167
2014-07-18,83.75,83.980003,83.639999,83.809998,9100,82.304724
2014-07-17,83.800003,83.93,83.800003,83.919998,5200,82.412749
2014-07-16,83.290001,83.43,83.290001,83.400002,5400,81.902092
2014-07-15,83.419998,83.459999,83.25,83.269997,3300,81.774422
2014-07-14,83.489998,83.50,83.410004,83.410004,2500,81.911914
2014-07-11,83.610001,83.93,83.529999,83.93,6300,82.422571
2014-07-10,83.940002,83.940002,83.339996,83.889999,15100,82.383289
2014-07-09,83.00,83.169998,83.00,83.169998,2300,81.676219
2014-07-08,83.169998,83.480003,83.120003,83.150002,12300,81.656582
2014-07-07,82.839996,82.839996,82.800003,82.809998,1400,81.322685
2014-07-03,82.650002,82.720001,82.650002,82.720001,1900,81.234305
2014-07-02,82.790001,83.07,82.730003,82.93,4400,81.440532
2014-07-01,83.160004,83.18,83.089996,83.18,4600,81.686042
2014-06-30,83.349998,83.43,83.300003,83.379997,4400,81.882447
2014-06-27,83.540001,83.599998,83.449997,83.519997,3800,81.872622
2014-06-26,83.50,83.550003,83.449997,83.449997,3200,81.804003
2014-06-25,83.339996,83.360001,83.25,83.25,2400,81.607951
2014-06-24,82.949997,83.139999,82.949997,83.010002,3300,81.372687
2014-06-23,83.019997,83.290001,82.919998,83.290001,2300,81.647163
2014-06-20,82.68,82.959999,82.650002,82.870003,4500,81.235449
2014-06-19,83.160004,83.160004,82.879997,83.07,7100,81.431501
2014-06-18,82.699997,82.93,82.699997,82.93,2100,81.294263
2014-06-17,82.620003,82.839996,82.540001,82.540001,3900,80.911956
2014-06-16,82.970001,83.050003,82.879997,83.050003,5200,81.411899
2014-06-13,82.93,82.949997,82.93,82.949997,2100,81.313866
2014-06-12,82.82,83.110001,82.730003,83.089996,10300,81.451104
2014-06-11,82.739998,82.959999,82.629997,82.720001,2600,81.088406
2014-06-10,82.760002,82.790001,82.599998,82.639999,7800,81.009982
2014-06-09,82.730003,82.839996,82.730003,82.779999,2400,81.14722
2014-06-06,83.099998,83.18,82.870003,82.870003,5600,81.235449
2014-06-05,82.870003,83.080002,82.870003,83.00,4400,81.362882
2014-06-04,82.849998,82.900002,82.82,82.830002,4900,81.196237
2014-06-03,83.419998,83.419998,82.919998,82.919998,6800,81.284458
2014-06-02,83.529999,83.540001,83.290001,83.370003,162500,81.725587
2014-05-30,83.709999,83.849998,83.709999,83.849998,4400,82.196115
2014-05-29,84.269997,84.269997,84.269997,84.269997,2300,82.462748
2014-05-28,84.029999,84.120003,84.029999,84.059998,4300,82.257253
2014-05-27,83.559998,83.650002,83.50,83.599998,5400,81.807119
2014-05-23,83.459999,83.690002,83.459999,83.690002,1900,81.895193
2014-05-22,83.449997,83.489998,83.300003,83.32,3200,81.533125
2014-05-21,83.400002,83.550003,83.379997,83.43,13100,81.640766
2014-05-20,83.519997,83.690002,83.519997,83.610001,4500,81.816906
2014-05-19,83.690002,83.809998,83.389999,83.389999,4700,81.601623
2014-05-16,83.57,83.68,83.529999,83.629997,7100,81.836474
2014-05-15,83.720001,83.839996,83.639999,83.839996,3700,82.04197
2014-05-14,83.410004,83.480003,83.379997,83.470001,3600,81.679909
2014-05-13,82.93,82.970001,82.910004,82.910004,5200,81.131922
2014-05-12,82.720001,82.970001,82.650002,82.730003,25000,80.955781
2014-05-09,82.949997,83.029999,82.879997,82.879997,5600,81.102559
2014-05-08,83.029999,83.269997,82.889999,82.980003,19600,81.20042
2014-05-07,82.860001,83.010002,82.860001,82.900002,3700,81.122134
2014-05-06,82.809998,82.940002,82.769997,82.830002,6900,81.053635
2014-05-05,82.889999,82.919998,82.730003,82.879997,15400,81.102559
2014-05-02,82.419998,82.809998,82.419998,82.809998,5500,81.03406
2014-05-01,82.440002,82.849998,82.440002,82.839996,14100,81.063416
2014-04-30,82.360001,82.449997,82.269997,82.269997,4200,80.50564
2014-04-29,82.269997,82.349998,82.139999,82.330002,7100,80.427363
2014-04-28,82.470001,82.529999,82.239998,82.400002,11200,80.495745
2014-04-25,82.540001,82.75,82.480003,82.75,9100,80.837655
2014-04-24,82.260002,82.339996,82.190002,82.339996,6500,80.437126
2014-04-23,82.449997,82.449997,82.220001,82.300003,8200,80.398057
2014-04-22,82.040001,82.120003,82.040001,82.120003,9900,80.222217
2014-04-21,82.220001,82.220001,82.209999,82.209999,2100,80.310133
2014-04-17,82.480003,82.489998,82.110001,82.110001,3400,80.212446
2014-04-16,82.559998,82.610001,82.540001,82.580002,8600,80.671585
2014-04-15,82.68,82.739998,82.650002,82.699997,8900,80.788807
2014-04-14,82.68,82.68,82.540001,82.620003,27600,80.710662
2014-04-11,82.690002,82.720001,82.620003,82.669998,3500,80.759502
2014-04-10,82.440002,82.68,82.43,82.639999,15400,80.730196
2014-04-09,82.059998,82.260002,82.029999,82.260002,12700,80.358981
2014-04-08,82.050003,82.269997,82.050003,82.209999,11400,80.310133
2014-04-07,82.040001,82.160004,82.040001,82.099998,10100,80.202675
2014-04-04,81.699997,81.93,81.699997,81.93,2800,80.036605
2014-04-03,81.489998,81.529999,81.410004,81.480003,24300,79.597008
2014-04-02,81.529999,81.529999,81.379997,81.410004,6500,79.528626
2014-04-01,81.75,81.75,81.699997,81.709999,3500,79.821688
2014-03-31,81.690002,81.919998,81.690002,81.900002,21900,80.0073
2014-03-28,82.18,82.18,82.029999,82.029999,6000,80.002412
2014-03-27,82.169998,82.379997,82.169998,82.339996,8400,80.304747
2014-03-26,82.190002,82.230003,82.18,82.230003,7800,80.197473
2014-03-25,81.849998,82.029999,81.849998,81.940002,7700,79.91464
2014-03-24,81.879997,82.00,81.879997,81.970001,9200,79.943897
2014-03-21,81.739998,81.900002,81.739998,81.900002,5500,79.875628
2014-03-20,81.730003,81.809998,81.68,81.809998,11400,79.787848
2014-03-19,82.400002,82.400002,81.739998,81.779999,33400,79.758591
2014-03-18,82.360001,82.449997,82.339996,82.449997,4800,80.412029
2014-03-17,82.419998,82.43,82.269997,82.300003,8500,80.265742
2014-03-14,82.589996,82.669998,82.459999,82.559998,17700,80.51931
2014-03-13,81.93,82.540001,81.93,82.540001,18500,80.499808
2014-03-12,82.07,82.120003,81.970001,82.099998,12200,80.070681
2014-03-11,81.690002,81.889999,81.610001,81.809998,21200,79.787848
2014-03-10,81.639999,81.739998,81.620003,81.720001,10100,79.700077
2014-03-07,81.580002,81.720001,81.519997,81.620003,11100,79.60255
2014-03-06,81.940002,81.989998,81.940002,81.989998,3200,79.9634
2014-03-05,82.160004,82.239998,82.160004,82.209999,3800,80.177963
2014-03-04,82.370003,82.370003,82.300003,82.300003,4300,80.265742
2014-03-03,82.760002,82.800003,82.760002,82.800003,7100,80.753383
2014-02-28,82.400002,82.510002,82.260002,82.489998,15400,80.451041
2014-02-27,82.629997,82.690002,82.629997,82.669998,6300,80.504685
2014-02-26,82.43,82.529999,82.419998,82.470001,10200,80.309927
2014-02-25,82.269997,82.339996,82.25,82.339996,10000,80.183327
2014-02-24,82.010002,82.019997,81.989998,82.019997,24100,79.871709
2014-02-21,81.989998,82.080002,81.989998,82.080002,8800,79.930142
2014-02-20,81.940002,81.959999,81.860001,81.959999,7500,79.813282
2014-02-19,82.379997,82.379997,82.110001,82.110001,9100,79.959355
2014-02-18,82.720001,82.720001,82.089996,82.290001,7300,80.134641
2014-02-14,81.970001,82.019997,81.970001,82.019997,8400,79.871709
2014-02-13,82.010002,82.120003,82.00,82.07,17600,79.920402
2014-02-12,81.709999,81.709999,81.690002,81.709999,7700,79.569831
2014-02-11,82.00,82.00,81.949997,81.959999,4200,79.813282
2014-02-10,82.18,82.269997,82.18,82.209999,13400,80.056734
2014-02-07,82.220001,82.220001,82.220001,82.220001,3800,80.066475
2014-02-06,82.040001,82.050003,81.989998,81.989998,6800,79.842496
2014-02-05,82.360001,82.360001,82.190002,82.190002,7700,80.037262
2014-02-04,82.459999,82.480003,82.400002,82.449997,8800,80.290446
2014-02-03,82.419998,82.669998,82.419998,82.669998,687500,80.504685
2014-01-31,82.120003,82.169998,82.120003,82.169998,400,80.017781
2014-01-30,82.040001,82.099998,81.940002,82.099998,8300,79.808412
2014-01-29,82.07,82.07,81.970001,82.00,700,79.711205
2014-01-28,81.690002,81.760002,81.68,81.760002,1700,79.477906
2014-01-27,81.900002,81.940002,81.669998,81.690002,6400,79.40986
2014-01-24,81.949997,81.980003,81.800003,81.900002,2100,79.613997
2014-01-23,81.540001,81.540001,81.540001,81.540001,2500,79.264045
2014-01-22,81.059998,81.080002,81.059998,81.080002,3000,78.816885
2014-01-21,81.260002,81.300003,81.260002,81.300003,3800,79.030746
2014-01-17,81.150002,81.260002,81.150002,81.260002,4500,78.991862
2014-01-16,81.160004,81.209999,81.160004,81.18,2900,78.914093
2014-01-15,80.769997,80.830002,80.769997,80.830002,300,78.573864
2014-01-14,81.199997,81.199997,81.010002,81.029999,3700,78.768278
2014-01-13,81.290001,81.290001,81.290001,81.290001,200,79.021023
2014-01-10,80.82,81.120003,80.82,81.120003,600,78.85577
2014-01-09,80.360001,80.360001,80.269997,80.32,400,78.078097
2014-01-08,80.580002,80.580002,80.580002,80.580002,000,78.330842
2014-01-07,80.580002,80.580002,80.580002,80.580002,1500,78.330842
2014-01-06,80.370003,80.459999,80.370003,80.459999,1200,78.214188
2014-01-03,80.199997,80.269997,80.18,80.269997,2700,78.029489
2014-01-02,80.230003,80.230003,80.230003,80.230003,2600,77.990612
2013-12-31,80.190002,80.190002,79.989998,80.00,3300,77.767029
2013-12-30,80.239998,80.360001,80.220001,80.300003,12700,78.058658
2013-12-27,80.150002,80.220001,80.150002,80.190002,1900,77.951728
2013-12-26,80.550003,80.550003,80.550003,80.550003,000,77.990609
2013-12-24,80.57,80.580002,80.550003,80.550003,2600,77.990609
2013-12-23,80.839996,80.870003,80.839996,80.870003,300,78.300441
2013-12-20,81.050003,81.050003,81.050003,81.050003,100,78.474722
2013-12-19,80.839996,80.860001,80.839996,80.860001,800,78.290756
2013-12-18,81.25,81.25,81.059998,81.230003,3100,78.649002
2013-12-17,81.230003,81.230003,81.230003,81.230003,1000,78.649002
2013-12-16,81.25,81.25,81.25,81.25,000,78.668364
2013-12-13,81.269997,81.269997,81.18,81.25,11000,78.668364
2013-12-12,81.260002,81.260002,81.260002,81.260002,200,78.678048
2013-12-11,81.50,81.550003,81.50,81.550003,900,78.958835
2013-12-10,81.580002,81.699997,81.580002,81.68,1500,79.084701
2013-12-09,81.349998,81.419998,81.349998,81.419998,900,78.83296
2013-12-06,81.18,81.32,81.169998,81.260002,1500,78.678048
2013-12-05,81.239998,81.300003,81.18,81.18,7600,78.600588
2013-12-04,81.330002,81.419998,81.309998,81.400002,11400,78.813599
2013-12-03,81.82,81.900002,81.779999,81.779999,600,79.181522
2013-12-02,81.760002,81.760002,81.589996,81.589996,496800,78.997557
2013-11-29,81.910004,81.93,81.900002,81.93,6900,79.326758
2013-11-27,82.18,82.18,82.010002,82.150002,7300,79.413904
2013-11-26,82.349998,82.370003,82.330002,82.330002,24100,79.587909
2013-11-25,82.150002,82.150002,82.150002,82.150002,5000,79.413904
2013-11-22,82.00,82.099998,81.989998,82.080002,10400,79.346235
2013-11-21,81.639999,81.860001,81.529999,81.860001,16800,79.133561
2013-11-20,82.410004,82.410004,81.739998,81.82,31000,79.094893
2013-11-19,82.309998,82.370003,82.220001,82.220001,5500,79.481572
2013-11-18,82.290001,82.480003,82.290001,82.480003,3500,79.732914
2013-11-15,82.230003,82.230003,82.230003,82.230003,4000,79.491241
2013-11-14,82.029999,82.32,82.029999,82.290001,9100,79.54924
2013-11-13,81.849998,81.949997,81.849998,81.949997,16000,79.22056
2013-11-12,81.699997,81.699997,81.660004,81.660004,4900,78.940226
2013-11-11,81.68,81.839996,81.68,81.839996,5400,79.114223
2013-11-08,81.849998,81.849998,81.669998,81.769997,24400,79.046555
2013-11-07,82.68,82.68,82.529999,82.660004,9100,79.90692
2013-11-06,82.43,82.43,82.400002,82.400002,8300,79.655577
2013-11-05,82.199997,82.230003,82.199997,82.230003,2700,79.491241
2013-11-04,82.599998,82.599998,82.559998,82.580002,9700,79.829582
2013-11-01,82.540001,82.599998,82.339996,82.449997,16500,79.703907
2013-10-31,83.120003,83.120003,82.809998,82.919998,30400,80.158255
2013-10-30,83.370003,83.480003,83.139999,83.139999,22900,80.254924
2013-10-29,83.120003,83.260002,83.120003,83.239998,15500,80.351453
2013-10-28,83.239998,83.239998,83.139999,83.139999,15600,80.254924
2013-10-25,83.279999,83.279999,83.220001,83.260002,4100,80.370763
2013-10-24,83.370003,83.370003,83.18,83.18,6100,80.293537
2013-10-23,83.300003,83.480003,83.239998,83.309998,29300,80.419023
2013-10-22,83.019997,83.099998,83.019997,83.099998,8900,80.216312
2013-10-21,82.550003,82.559998,82.470001,82.50,41200,79.637134
2013-10-18,82.709999,82.769997,82.610001,82.690002,29900,79.820543
2013-10-17,82.419998,82.639999,82.419998,82.620003,9100,79.752972
2013-10-16,81.620003,82.120003,81.610001,82.120003,5800,79.270323
2013-10-15,81.919998,81.919998,81.779999,81.779999,9400,78.942118
2013-10-14,82.00,82.07,81.650002,81.650002,19100,78.816632
2013-10-11,82.209999,82.209999,81.980003,81.980003,4600,79.135182
2013-10-10,81.75,81.949997,81.709999,81.949997,14700,79.106217
2013-10-09,82.230003,82.25,82.089996,82.239998,14400,79.386154
2013-10-08,82.169998,82.279999,82.169998,82.269997,7000,79.415112
2013-10-07,82.370003,82.370003,82.209999,82.239998,9000,79.386154
2013-10-04,81.550003,82.370003,81.550003,82.129997,12300,79.279971
2013-10-03,82.360001,82.620003,81.169998,82.449997,12700,79.588866
2013-10-02,82.279999,82.50,82.279999,82.309998,10800,79.453725
2013-10-01,82.220001,82.220001,82.110001,82.129997,5400,79.279971
2013-09-30,82.169998,82.330002,82.169998,82.290001,249300,79.434422
2013-09-27,82.440002,82.440002,82.440002,82.440002,200,79.474967
2013-09-26,82.139999,82.230003,82.129997,82.230003,4700,79.272521
2013-09-25,82.199997,82.199997,82.199997,82.199997,000,79.243594
2013-09-24,81.809998,82.199997,81.809998,82.199997,8600,79.243594
2013-09-23,81.599998,81.739998,81.599998,81.739998,400,78.800139
2013-09-20,81.470001,81.57,81.470001,81.57,800,78.636255
2013-09-19,81.830002,81.830002,80.360001,81.410004,2200,78.482013
2013-09-18,81.120003,81.669998,81.120003,81.669998,300,78.732657
2013-09-17,80.769997,80.830002,80.75,80.75,900,77.845747
2013-09-16,81.110001,81.110001,80.550003,80.639999,1200,77.739703
2013-09-13,80.410004,80.410004,80.410004,80.410004,200,77.517979
2013-09-12,80.410004,80.410004,80.410004,80.410004,000,77.517979
2013-09-11,80.010002,80.410004,79.989998,80.410004,1700,77.517979
2013-09-10,80.080002,80.129997,80.080002,80.129997,1200,77.248043
2013-09-09,80.410004,80.410004,80.239998,80.239998,300,77.354088
2013-09-06,80.139999,80.139999,80.139999,80.139999,100,77.257686
2013-09-05,79.830002,79.830002,79.650002,79.650002,6300,76.785311
2013-09-04,81.779999,81.779999,81.779999,81.779999,000,78.838701
2013-09-03,80.730003,81.779999,80.580002,81.779999,19200,78.838701
2013-08-30,81.120003,96.379997,81.019997,81.110001,56500,78.1928
2013-08-29,81.07,81.190002,81.07,81.190002,600,78.168701
2013-08-28,81.230003,81.230003,81.230003,81.230003,100,78.207213
2013-08-27,81.00,81.00,81.00,81.00,000,77.985769
2013-08-26,80.949997,81.00,80.910004,81.00,400,77.985769
2013-08-23,80.639999,80.639999,80.639999,80.639999,000,77.639165
2013-08-22,80.639999,80.639999,80.639999,80.639999,000,77.639165
2013-08-21,80.639999,80.639999,80.639999,80.639999,100,77.639165
2013-08-20,80.400002,80.400002,80.400002,80.400002,000,77.408098
2013-08-19,80.610001,80.629997,80.400002,80.400002,1400,77.408098
2013-08-16,81.080002,81.080002,81.059998,81.059998,600,78.043534
2013-08-15,81.010002,81.260002,81.010002,81.260002,2000,78.236096
2013-08-14,81.610001,81.610001,81.540001,81.580002,700,78.544187
2013-08-13,81.669998,81.669998,81.480003,81.50,600,78.467163
2013-08-12,82.43,82.43,82.209999,82.209999,900,79.150741
2013-08-09,82.279999,82.279999,82.279999,82.279999,000,79.218135
2013-08-08,82.269997,82.279999,82.269997,82.279999,200,79.218135
2013-08-07,81.989998,82.220001,81.989998,82.220001,800,79.160371
2013-08-06,81.82,81.900002,81.809998,81.900002,1100,78.852279
2013-08-05,81.849998,81.879997,81.849998,81.879997,400,78.833019
2013-08-02,82.00,82.099998,82.00,82.099998,3700,79.044833
2013-08-01,81.620003,81.620003,81.349998,81.389999,10400,78.361255
2013-07-31,81.589996,82.190002,81.589996,82.190002,1200,79.131488
2013-07-30,82.349998,82.349998,82.349998,82.349998,000,79.184436
2013-07-29,82.330002,82.349998,82.330002,82.349998,800,79.184436
2013-07-26,82.449997,82.449997,82.410004,82.410004,2000,79.242135
2013-07-25,82.00,82.150002,81.949997,82.150002,800,78.992127
2013-07-24,82.199997,82.199997,82.199997,82.199997,200,79.040201
2013-07-23,82.760002,82.769997,82.760002,82.769997,300,79.588289
2013-07-22,82.860001,82.910004,82.860001,82.910004,300,79.722914
2013-07-19,82.809998,82.839996,82.809998,82.839996,3100,79.655598
2013-07-18,82.589996,82.589996,82.580002,82.580002,400,79.405598
2013-07-17,82.910004,82.910004,82.779999,82.779999,400,79.597907
2013-07-16,82.309998,82.309998,82.309998,82.309998,000,79.145973
2013-07-15,82.379997,82.379997,82.309998,82.309998,1700,79.145973
2013-07-12,82.190002,82.190002,82.190002,82.190002,000,79.03059
2013-07-11,82.00,82.190002,82.00,82.190002,2300,79.03059
2013-07-10,81.599998,81.760002,81.489998,81.489998,5100,78.357494
2013-07-09,81.589996,81.589996,81.589996,81.589996,000,78.453649
2013-07-08,81.510002,81.589996,81.510002,81.589996,300,78.453649
2013-07-05,81.349998,81.349998,81.209999,81.209999,4000,78.088259
2013-07-03,82.779999,82.779999,82.779999,82.779999,200,79.597907
2013-07-02,82.720001,82.730003,82.720001,82.730003,1100,79.549833
2013-07-01,82.459999,82.510002,82.459999,82.510002,700,79.338289
2013-06-28,82.370003,82.639999,82.330002,82.639999,16600,79.463289
2013-06-27,82.690002,82.870003,82.599998,82.870003,4300,79.580604
2013-06-26,82.540001,82.540001,82.209999,82.449997,1600,79.17727
2013-06-25,82.43,82.43,82.139999,82.150002,1600,78.889183
2013-06-24,81.879997,82.269997,81.82,82.220001,8800,78.956404
2013-06-21,83.050003,83.059998,82.459999,82.459999,21800,79.186875
2013-06-20,83.699997,83.699997,83.129997,83.150002,2700,79.849489
2013-06-19,84.769997,84.769997,83.690002,83.690002,4300,80.368055
2013-06-18,84.699997,84.760002,84.68,84.760002,5000,81.395583
2013-06-17,85.099998,85.099998,85.059998,85.059998,5600,81.683671
2013-06-14,85.139999,85.139999,84.980003,84.980003,5500,81.606852
2013-06-13,84.50,84.989998,84.50,84.940002,17200,81.568439
2013-06-12,84.43,84.639999,84.400002,84.470001,2000,81.117093
2013-06-11,84.669998,84.669998,84.239998,84.540001,8100,81.184315
2013-06-10,84.650002,84.650002,84.370003,84.480003,6400,81.126698
2013-06-07,84.709999,84.709999,84.709999,84.709999,100,81.347565
2013-06-06,85.129997,85.879997,85.120003,85.510002,1800,82.115813
2013-06-05,85.110001,85.290001,85.050003,85.230003,2400,81.846928
2013-06-04,85.32,85.32,85.32,85.32,200,81.933352
2013-06-03,85.309998,85.309998,85.309998,85.309998,200,81.923747
2013-05-31,85.239998,85.239998,85.239998,85.239998,000,81.856526
2013-05-30,85.169998,85.239998,85.169998,85.239998,300,81.752809
2013-05-29,85.00,85.099998,85.00,85.099998,400,81.618537
2013-05-28,85.199997,85.230003,85.139999,85.139999,900,81.656901
2013-05-24,85.830002,85.830002,85.830002,85.830002,000,82.318676
2013-05-23,86.029999,86.029999,85.830002,85.830002,1500,82.318676
2013-05-22,86.510002,86.620003,85.690002,85.860001,25600,82.347447
2013-05-21,86.110001,86.470001,86.110001,86.449997,2500,82.913306
2013-05-20,86.449997,86.449997,86.25,86.269997,1100,82.74067
2013-05-17,86.599998,86.599998,86.489998,86.519997,5400,82.980442
2013-05-16,86.769997,86.769997,86.769997,86.769997,300,83.220215
2013-05-15,86.190002,86.290001,86.190002,86.290001,300,82.759856
2013-05-14,86.43,86.43,86.279999,86.279999,400,82.750263
2013-05-13,86.43,86.440002,86.43,86.440002,2400,82.903721
2013-05-10,86.519997,86.629997,86.519997,86.57,2000,83.0284
2013-05-09,87.160004,87.160004,87.160004,87.160004,000,83.594267
2013-05-08,87.160004,87.160004,87.160004,87.160004,400,83.594267
2013-05-07,87.43,87.43,87.43,87.43,000,83.853218
2013-05-06,87.43,87.43,87.43,87.43,000,83.853218
2013-05-03,87.43,87.43,87.43,87.43,1000,83.853218
2013-05-02,88.029999,88.080002,88.029999,88.080002,300,84.476627
2013-05-01,88.059998,88.160004,88.059998,88.160004,2100,84.553356
2013-04-30,87.919998,87.919998,87.919998,87.919998,000,84.32317
2013-04-29,87.949997,87.959999,87.910004,87.919998,1100,84.219592
2013-04-26,87.900002,87.900002,87.900002,87.900002,400,84.200437
2013-04-25,87.629997,87.629997,87.629997,87.629997,200,83.941797
2013-04-24,87.690002,87.730003,87.669998,87.730003,15300,84.037594
2013-04-23,87.709999,87.730003,87.709999,87.709999,500,84.018432
2013-04-22,87.639999,87.639999,87.639999,87.639999,000,83.951378
2013-04-19,87.639999,87.639999,87.639999,87.639999,200,83.951378
2013-04-18,87.769997,87.769997,87.769997,87.769997,000,84.075904
2013-04-17,87.769997,87.769997,87.769997,87.769997,200,84.075904
2013-04-16,87.510002,87.510002,87.480003,87.480003,500,83.798116
2013-04-15,87.550003,87.75,87.550003,87.75,600,84.056749
2013-04-12,87.32,87.440002,87.32,87.440002,300,83.759799
2013-04-11,87.07,87.07,87.07,87.07,200,83.405369
2013-04-10,87.120003,87.129997,87.099998,87.099998,8000,83.434105
2013-04-09,87.440002,87.440002,87.330002,87.330002,400,83.654428
2013-04-08,87.510002,87.559998,87.309998,87.309998,1300,83.635266
2013-04-05,87.699997,87.699997,87.68,87.690002,2400,83.999277
2013-04-04,87.160004,87.220001,87.160004,87.220001,300,83.549057
2013-04-03,86.900002,86.910004,86.900002,86.910004,600,83.252107
2013-04-02,86.690002,86.690002,86.690002,86.690002,000,83.041365
2013-04-01,86.580002,86.690002,86.580002,86.690002,300,83.041365
2013-03-28,86.82,86.82,86.82,86.82,000,83.165891
2013-03-27,86.82,86.82,86.82,86.82,200,83.062435
2013-03-26,86.300003,86.300003,86.300003,86.300003,400,82.564944
2013-03-25,86.360001,86.360001,86.360001,86.360001,200,82.622344
2013-03-22,86.550003,86.550003,86.099998,86.190002,1600,82.459704
2013-03-21,86.160004,86.190002,86.139999,86.190002,1100,82.459704
2013-03-20,86.099998,86.099998,86.050003,86.050003,500,82.325764
2013-03-19,86.239998,86.239998,86.18,86.18,32700,82.450135
2013-03-18,85.709999,85.709999,85.709999,85.709999,000,82.000475
2013-03-15,85.699997,85.709999,85.699997,85.709999,21000,82.000475
2013-03-14,85.269997,85.360001,85.269997,85.269997,1600,81.579516
2013-03-13,85.489998,85.489998,85.489998,85.489998,000,81.789995
2013-03-12,85.489998,85.489998,85.489998,85.489998,200,81.789995
2013-03-11,85.230003,85.230003,85.230003,85.230003,100,81.541253
2013-03-08,85.25,85.269997,85.169998,85.199997,3400,81.512546
2013-03-07,85.839996,85.839996,85.669998,85.669998,300,81.962205
2013-03-06,86.099998,86.099998,86.010002,86.010002,300,82.287494
2013-03-05,86.559998,86.559998,86.559998,86.559998,000,82.813686
2013-03-04,86.559998,86.559998,86.559998,86.559998,000,82.813686
2013-03-01,86.540001,86.57,86.529999,86.559998,800,82.813686
2013-02-28,86.279999,86.279999,86.230003,86.230003,700,82.497973
2013-02-27,86.540001,86.540001,86.32,86.339996,600,82.497965
2013-02-26,86.00,86.00,86.00,86.00,000,82.173098
2013-02-25,86.00,86.00,86.00,86.00,400,82.173098
2013-02-22,85.870003,85.870003,85.839996,85.839996,900,82.020214
2013-02-21,85.900002,85.900002,85.900002,85.900002,200,82.077549
2013-02-20,85.510002,85.57,85.400002,85.57,20200,81.762232
2013-02-19,85.620003,85.620003,85.599998,85.599998,500,81.790896
2013-02-15,85.470001,85.470001,85.470001,85.470001,1000,81.666684
2013-02-14,85.269997,85.269997,85.269997,85.269997,000,81.475579
2013-02-13,85.309998,85.309998,85.269997,85.269997,700,81.475579
2013-02-12,85.540001,85.559998,85.540001,85.559998,800,81.752675
2013-02-11,85.660004,85.660004,85.660004,85.660004,000,81.848231
2013-02-08,85.660004,85.660004,85.660004,85.660004,100,81.848231
2013-02-07,85.489998,85.489998,85.489998,85.489998,000,81.68579
2013-02-06,85.489998,85.489998,85.489998,85.489998,400,81.68579
2013-02-05,85.32,85.32,85.32,85.32,2000,81.523357
2013-02-04,85.650002,85.730003,85.639999,85.660004,10500,81.848231
2013-02-01,85.809998,85.809998,85.209999,85.209999,1800,81.418251
2013-01-31,85.480003,85.489998,85.389999,85.459999,7100,81.657126
2013-01-30,85.400002,85.400002,85.32,85.339996,1100,81.437358
2013-01-29,85.68,85.68,85.68,85.68,300,81.761813
2013-01-28,85.529999,85.650002,85.510002,85.650002,8300,81.733187
2013-01-25,86.379997,86.379997,86.379997,86.379997,000,82.429799
2013-01-24,86.379997,86.379997,86.379997,86.379997,300,82.429799
2013-01-23,86.510002,86.510002,86.510002,86.510002,000,82.553859
2013-01-22,86.519997,86.519997,86.510002,86.510002,2300,82.553859
2013-01-18,86.190002,86.190002,86.190002,86.190002,000,82.248493
2013-01-17,86.139999,86.199997,86.139999,86.190002,2100,82.248493
2013-01-16,86.459999,86.459999,86.459999,86.459999,000,82.506143
2013-01-15,86.580002,86.580002,86.459999,86.459999,1200,82.506143
2013-01-14,86.260002,86.309998,86.260002,86.300003,2600,82.353463
2013-01-11,86.089996,86.089996,86.089996,86.089996,000,82.15306
2013-01-10,86.07,86.089996,86.07,86.089996,700,82.15306
2013-01-09,86.169998,86.32,86.169998,86.32,700,82.372545
2013-01-08,86.129997,86.150002,86.129997,86.150002,26800,82.210321
2013-01-07,85.940002,85.949997,85.940002,85.949997,600,82.019463
2013-01-04,85.769997,85.879997,85.760002,85.879997,10600,81.952664
2013-01-03,86.269997,86.290001,85.949997,86.040001,12100,82.105351
2013-01-02,86.82,86.82,86.82,86.82,000,82.84968
2012-12-31,86.989998,86.989998,86.82,86.82,10200,82.84968
2012-12-28,87.190002,87.190002,87.139999,87.190002,800,83.202763
2012-12-27,86.919998,86.93,86.919998,86.93,10000,82.95465
2012-12-26,87.010002,87.010002,86.970001,86.970001,500,82.887855
2012-12-24,86.839996,86.839996,86.839996,86.839996,100,82.763952
2012-12-21,86.949997,86.949997,86.949997,86.949997,200,82.86879
2012-12-20,86.739998,86.739998,86.669998,86.669998,5300,82.601933
2012-12-19,86.550003,86.559998,86.550003,86.559998,5000,82.497096
2012-12-18,86.589996,86.589996,86.540001,86.559998,5800,82.497096
2012-12-17,87.029999,87.029999,87.029999,87.029999,200,82.945036
2012-12-14,87.269997,87.269997,87.269997,87.269997,000,83.173769
2012-12-13,87.269997,87.269997,87.269997,87.269997,000,83.173769
2012-12-12,87.660004,87.669998,87.269997,87.269997,10100,83.173769
2012-12-11,88.57,88.57,88.57,88.57,000,84.412754
2012-12-10,88.57,88.57,88.57,88.57,000,84.412754
2012-12-07,88.57,88.57,88.57,88.57,000,84.412754
2012-12-06,88.57,88.57,88.57,88.57,000,84.412754
2012-12-05,88.639999,88.639999,88.57,88.57,600,84.412754
2012-12-04,88.360001,88.400002,88.360001,88.400002,200,84.250735
2012-12-03,88.309998,88.32,88.269997,88.300003,1700,84.15543
2012-11-30,88.339996,88.410004,88.339996,88.410004,10600,84.260267
2012-11-29,88.510002,88.510002,88.510002,88.510002,1200,84.255499
2012-11-28,88.400002,88.400002,88.400002,88.400002,500,84.150786
2012-11-27,88.110001,88.279999,88.110001,88.279999,1100,84.036552
2012-11-26,88.290001,88.290001,88.139999,88.139999,800,83.903282
2012-11-23,87.940002,87.940002,87.940002,87.940002,300,83.712898
2012-11-21,87.93,87.959999,87.919998,87.959999,5700,83.731934
2012-11-20,88.309998,88.32,88.110001,88.110001,7500,83.874725
2012-11-19,88.419998,88.419998,88.419998,88.419998,1000,84.169822
2012-11-16,88.580002,88.800003,88.580002,88.800003,1600,84.53156
2012-11-15,88.639999,88.639999,88.57,88.57,1800,84.312613
2012-11-14,88.540001,88.599998,88.50,88.599998,1500,84.34117
2012-11-13,88.599998,88.599998,88.599998,88.599998,400,84.34117
2012-11-12,88.419998,88.419998,88.419998,88.419998,000,84.169822
2012-11-09,88.419998,88.419998,88.419998,88.419998,200,84.169822
2012-11-08,88.300003,88.300003,88.300003,88.300003,4800,84.055594
2012-11-07,88.040001,88.139999,88.010002,88.010002,2300,83.779533
2012-11-06,87.349998,87.349998,87.349998,87.349998,000,83.151255
2012-11-05,87.349998,87.349998,87.349998,87.349998,000,83.151255
2012-11-02,87.309998,87.349998,87.309998,87.349998,600,83.151255
2012-11-01,87.50,87.50,87.50,87.50,000,83.294046
2012-10-31,87.330002,87.50,87.120003,87.50,14900,83.294046
2012-10-26,86.669998,86.669998,86.669998,86.669998,000,82.503941
2012-10-25,86.699997,86.699997,86.669998,86.669998,25000,82.503941
2012-10-24,87.230003,87.239998,87.209999,87.239998,1200,83.046542
2012-10-23,87.220001,87.330002,87.220001,87.300003,36600,83.103662
2012-10-22,86.989998,86.989998,86.989998,86.989998,100,82.808559
2012-10-19,87.169998,87.220001,87.169998,87.220001,5600,83.027506
2012-10-18,87.050003,87.050003,86.959999,86.959999,300,82.780002
2012-10-17,87.910004,87.910004,87.910004,87.910004,000,83.684342
2012-10-16,87.910004,87.910004,87.910004,87.910004,000,83.684342
2012-10-15,87.910004,87.910004,87.910004,87.910004,300,83.684342
2012-10-12,88.07,88.07,88.07,88.07,100,83.836647
2012-10-11,87.529999,87.839996,87.529999,87.839996,700,83.617699
2012-10-10,87.589996,87.769997,87.589996,87.769997,400,83.551064
2012-10-09,87.699997,87.699997,87.620003,87.620003,400,83.40828
2012-10-08,87.589996,87.589996,87.349998,87.400002,1900,83.198854
2012-10-05,87.580002,87.580002,87.580002,87.580002,100,83.370202
2012-10-04,88.029999,88.080002,88.019997,88.019997,34400,83.789047
2012-10-03,88.129997,88.129997,88.129997,88.129997,000,83.89376
2012-10-02,88.120003,88.129997,88.120003,88.129997,500,83.89376
2012-10-01,88.059998,88.220001,88.019997,88.209999,700,83.969917
2012-09-28,88.18,88.209999,88.00,88.010002,7000,83.779533
2012-09-27,88.300003,88.300003,88.190002,88.190002,900,83.808093
2012-09-26,88.139999,88.139999,88.139999,88.139999,300,83.760574
2012-09-25,87.75,87.93,87.75,87.93,5600,83.561009
2012-09-24,87.720001,87.720001,87.620003,87.620003,1000,83.266415
2012-09-21,87.190002,87.370003,87.169998,87.370003,2700,83.028837
2012-09-20,87.239998,87.25,87.239998,87.25,600,82.914796
2012-09-19,87.18,87.199997,87.129997,87.150002,32900,82.819767
2012-09-18,87.129997,87.129997,86.949997,87.019997,12500,82.696221
2012-09-17,86.830002,86.830002,86.760002,86.769997,48100,82.458643
2012-09-14,86.980003,86.980003,86.419998,86.620003,1900,82.316102
2012-09-13,87.559998,87.559998,87.209999,87.400002,5300,83.057345
2012-09-12,87.720001,87.720001,87.720001,87.720001,000,83.361445
2012-09-11,87.720001,87.720001,87.720001,87.720001,200,83.361445
2012-09-10,87.82,87.830002,87.720001,87.830002,1900,83.46598
2012-09-07,87.980003,87.980003,87.959999,87.959999,400,83.589518
2012-09-06,87.779999,87.779999,87.779999,87.779999,100,83.418461
2012-09-05,88.370003,88.459999,88.290001,88.290001,1700,83.903123
2012-09-04,88.470001,88.470001,88.370003,88.370003,1100,83.979149
2012-08-31,88.220001,88.220001,88.220001,88.220001,200,83.836601
2012-08-30,88.25,88.25,88.25,88.25,200,83.732065
2012-08-29,88.050003,88.050003,87.970001,87.970001,700,83.466401
2012-08-28,88.139999,88.18,88.089996,88.160004,28000,83.646676
2012-08-27,87.989998,87.989998,87.989998,87.989998,100,83.485374
2012-08-24,87.769997,87.779999,87.769997,87.779999,500,83.286126
2012-08-23,87.370003,87.370003,87.370003,87.370003,000,82.897119
2012-08-22,87.230003,87.370003,87.230003,87.370003,4300,82.897119
2012-08-21,86.639999,87.019997,86.639999,86.970001,6700,82.517596
2012-08-20,86.940002,86.940002,86.879997,86.879997,600,82.432199
2012-08-17,86.739998,86.739998,86.739998,86.739998,000,82.299367
2012-08-16,86.970001,86.970001,86.739998,86.739998,4200,82.299367
2012-08-15,87.529999,87.529999,87.529999,87.529999,000,83.048924
2012-08-14,87.529999,87.529999,87.529999,87.529999,200,83.048924
2012-08-13,88.120003,88.120003,88.120003,88.120003,500,83.608723
2012-08-10,87.919998,87.93,87.919998,87.93,600,83.428448
2012-08-09,87.540001,87.720001,87.510002,87.720001,2700,83.2292
2012-08-08,88.029999,88.029999,87.769997,87.769997,800,83.276636
2012-08-07,87.82,87.93,87.82,87.93,2700,83.428448
2012-08-06,88.300003,88.480003,88.209999,88.400002,16700,83.874388
2012-08-03,88.239998,88.239998,88.209999,88.209999,600,83.694112
2012-08-02,88.919998,89.019997,88.919998,88.980003,1700,84.424696
2012-08-01,88.68,88.730003,88.68,88.720001,3600,84.178005
2012-07-31,88.629997,88.739998,88.629997,88.739998,2600,84.196978
2012-07-30,88.690002,88.860001,88.690002,88.860001,2200,84.187493
2012-07-27,88.690002,88.690002,88.50,88.50,300,83.846422
2012-07-26,89.389999,89.389999,89.260002,89.260002,700,84.566461
2012-07-25,89.459999,89.459999,89.449997,89.449997,300,84.746466
2012-07-24,89.220001,89.220001,89.169998,89.169998,200,84.48119
2012-07-23,89.400002,89.400002,89.220001,89.220001,1400,84.528564
2012-07-20,88.769997,88.769997,88.769997,88.769997,000,84.102222
2012-07-19,88.879997,88.879997,88.769997,88.769997,700,84.102222
2012-07-18,88.790001,88.790001,88.790001,88.790001,000,84.121174
2012-07-17,88.790001,88.790001,88.790001,88.790001,1000,84.121174
2012-07-16,89.129997,89.129997,88.970001,88.970001,7600,84.291709
2012-07-13,88.790001,88.82,88.779999,88.809998,1200,84.140119
2012-07-12,88.82,88.919998,88.82,88.889999,1300,84.215914
2012-07-11,88.730003,88.730003,88.730003,88.730003,000,84.064331
2012-07-10,88.730003,88.730003,88.730003,88.730003,200,84.064331
2012-07-09,88.629997,88.779999,88.629997,88.779999,9800,84.111698
2012-07-06,88.449997,88.449997,88.389999,88.389999,500,83.742206
2012-07-05,88.139999,88.139999,88.050003,88.110001,7500,83.47693
2012-07-03,88.169998,88.169998,87.980003,87.980003,35100,83.353768
2012-07-02,87.709999,87.709999,87.709999,87.709999,000,83.097962
2012-06-29,87.739998,87.739998,87.68,87.709999,10900,83.097962
2012-06-28,88.389999,88.389999,88.360001,88.360001,600,83.605776
2012-06-27,87.970001,87.970001,87.970001,87.970001,800,83.23676
2012-06-26,87.940002,87.940002,87.940002,87.940002,200,83.208375
2012-06-25,88.00,88.169998,88.00,88.059998,6400,83.321914
2012-06-22,87.75,87.900002,87.669998,87.669998,3300,82.952899
2012-06-21,88.00,88.00,88.00,88.00,100,83.265145
2012-06-20,87.870003,87.870003,87.830002,87.830002,400,83.104293
2012-06-19,88.010002,88.010002,88.010002,88.010002,500,83.274609
2012-06-18,88.290001,88.290001,88.230003,88.230003,400,83.482773
2012-06-15,88.209999,88.279999,88.209999,88.220001,1000,83.473309
2012-06-14,88.169998,88.169998,87.879997,87.879997,1300,83.151599
2012-06-13,88.239998,88.239998,88.190002,88.190002,900,83.444924
2012-06-12,88.129997,88.129997,87.059998,87.940002,400,83.208375
2012-06-11,88.07,88.25,88.07,88.18,800,83.43546
2012-06-08,88.419998,88.419998,87.959999,87.959999,60800,83.227296
2012-06-07,87.800003,88.209999,87.790001,88.209999,8700,83.463845
2012-06-06,88.25,88.279999,88.010002,88.010002,45800,83.274609
2012-06-05,88.419998,88.440002,88.400002,88.440002,5200,83.681473
2012-06-04,88.699997,88.779999,88.599998,88.639999,2700,83.870709
2012-06-01,88.889999,89.099998,88.889999,89.099998,6300,84.305958
2012-05-31,88.18,88.400002,88.169998,88.269997,10500,83.520614
2012-05-30,87.860001,88.190002,87.860001,88.190002,2800,83.302998
2012-05-29,87.480003,87.480003,87.379997,87.440002,5100,82.594559
2012-05-25,87.379997,87.379997,87.290001,87.330002,2000,82.490654
2012-05-24,87.220001,87.540001,87.18,87.190002,7800,82.358412
2012-05-23,87.50,87.519997,87.470001,87.519997,700,82.67012
2012-05-22,87.010002,87.010002,87.010002,87.010002,200,82.188387
2012-05-21,87.360001,87.360001,87.360001,87.360001,200,82.51899
2012-05-18,87.459999,87.519997,87.459999,87.519997,1000,82.67012
2012-05-17,87.18,89.459999,87.18,87.57,18000,82.717352
2012-05-16,87.169998,87.230003,87.029999,87.07,10100,82.245059
2012-05-15,87.029999,87.029999,87.029999,87.029999,400,82.207275
2012-05-14,87.080002,87.190002,87.019997,87.019997,27900,82.197827
2012-05-11,86.459999,86.459999,86.459999,86.459999,000,81.668862
2012-05-10,86.459999,86.459999,86.459999,86.459999,000,81.668862
2012-05-09,86.620003,86.68,86.459999,86.459999,1300,81.668862
2012-05-08,86.209999,86.209999,86.209999,86.209999,000,81.432715
2012-05-07,86.209999,86.209999,86.209999,86.209999,300,81.432715
2012-05-04,86.199997,86.199997,86.199997,86.199997,3000,81.423267
2012-05-03,85.860001,85.860001,85.860001,85.860001,800,81.102112
2012-05-02,85.870003,85.900002,85.870003,85.900002,2500,81.139896
2012-05-01,85.690002,85.690002,85.620003,85.620003,1100,80.875413
2012-04-30,85.910004,85.910004,85.910004,85.910004,100,81.149344
2012-04-27,85.830002,85.849998,85.830002,85.839996,1000,80.950976
2012-04-26,85.93,85.93,85.93,85.93,100,81.035854
2012-04-25,85.629997,85.629997,85.400002,85.400002,3200,80.536041
2012-04-24,85.800003,85.889999,85.800003,85.849998,5000,80.960408
2012-04-23,86.019997,86.019997,85.970001,85.970001,1800,81.073576
2012-04-20,85.769997,85.769997,85.769997,85.769997,000,80.884963
2012-04-19,85.800003,85.800003,85.769997,85.769997,400,80.884963
2012-04-18,85.690002,85.690002,85.690002,85.690002,300,80.809525
2012-04-17,85.470001,85.480003,85.459999,85.480003,2600,80.611486
2012-04-16,85.669998,85.669998,85.669998,85.669998,200,80.79066
2012-04-13,85.50,85.57,85.50,85.57,700,80.696357
2012-04-12,85.260002,85.260002,85.150002,85.150002,1500,80.30028
2012-04-11,85.330002,85.339996,85.330002,85.339996,7300,80.479453
2012-04-10,85.349998,85.580002,85.349998,85.580002,700,80.705789
2012-04-09,84.75,85.230003,84.75,85.230003,500,80.375725
2012-04-05,84.220001,84.220001,84.220001,84.220001,200,79.423248
2012-04-04,83.879997,83.879997,83.879997,83.879997,200,79.102609
2012-04-03,84.199997,84.199997,83.589996,83.68,13200,78.914003
2012-04-02,84.150002,84.150002,84.110001,84.110001,500,79.319512
2012-03-30,84.389999,84.440002,84.00,84.440002,3900,79.630719
2012-03-29,84.43,84.43,84.43,84.43,200,79.517548
2012-03-28,84.379997,84.379997,84.379997,84.379997,100,79.470454
2012-03-27,84.07,84.279999,84.07,84.279999,1700,79.376274
2012-03-26,83.809998,83.809998,83.809998,83.809998,000,78.933619
2012-03-23,83.809998,83.809998,83.790001,83.809998,400,78.933619
2012-03-22,83.580002,83.610001,83.580002,83.610001,1600,78.745259
2012-03-21,83.349998,83.489998,83.339996,83.449997,21500,78.594565
2012-03-20,82.889999,82.910004,82.889999,82.889999,500,78.06715
2012-03-19,83.269997,83.339996,82.910004,82.910004,51400,78.08599
2012-03-16,83.059998,83.510002,83.059998,83.449997,79100,78.594565
2012-03-15,83.610001,83.610001,83.459999,83.559998,1300,78.698165
2012-03-14,84.550003,84.550003,84.550003,84.550003,000,79.630569
2012-03-13,84.800003,84.800003,84.510002,84.550003,3100,79.630569
2012-03-12,85.120003,85.120003,85.110001,85.110001,400,80.157983
2012-03-09,84.919998,84.919998,84.919998,84.919998,200,79.979036
2012-03-08,85.169998,85.25,85.169998,85.25,1700,80.289837
2012-03-07,85.57,85.589996,85.57,85.589996,300,80.610051
2012-03-06,85.68,85.730003,85.580002,85.580002,400,80.600638
2012-03-05,85.339996,85.339996,85.199997,85.199997,300,80.242743
2012-03-02,85.309998,85.440002,85.309998,85.370003,1600,80.402858
2012-03-01,85.110001,85.120003,84.900002,85.050003,2100,80.101477
2012-02-29,85.349998,85.370003,85.300003,85.370003,600,80.402858
2012-02-28,86.00,86.00,85.790001,85.790001,1700,80.657149
2012-02-27,85.839996,85.879997,85.839996,85.879997,700,80.74176
2012-02-24,85.419998,85.419998,85.419998,85.419998,000,80.309283
2012-02-23,85.410004,85.419998,85.410004,85.419998,500,80.309283
2012-02-22,85.160004,85.43,85.160004,85.43,3400,80.318687
2012-02-21,84.949997,85.080002,84.949997,85.019997,2700,79.933214
2012-02-17,85.300003,85.300003,85.300003,85.300003,700,80.196467
2012-02-16,85.470001,85.470001,85.370003,85.370003,600,80.262279
2012-02-15,85.860001,85.860001,85.860001,85.860001,000,80.72296
2012-02-14,85.730003,85.860001,85.730003,85.860001,1800,80.72296
2012-02-13,85.559998,85.559998,85.449997,85.540001,700,80.422106
2012-02-10,85.540001,85.690002,85.50,85.690002,500,80.563133
2012-02-09,85.029999,85.160004,85.029999,85.129997,700,80.036633
2012-02-08,85.330002,85.419998,85.330002,85.419998,300,80.309283
2012-02-07,85.559998,85.559998,85.300003,85.389999,4100,80.281079
2012-02-06,86.120003,86.120003,85.690002,85.879997,2800,80.74176
2012-02-03,85.629997,85.629997,85.550003,85.550003,2100,80.43151
2012-02-02,86.199997,86.199997,86.199997,86.199997,600,81.042614
2012-02-01,86.220001,86.220001,86.199997,86.199997,300,81.042614
2012-01-31,86.269997,86.269997,86.269997,86.269997,1000,81.108426
2012-01-30,86.410004,86.480003,86.410004,86.480003,1200,81.157317
2012-01-27,85.760002,85.959999,85.760002,85.940002,600,80.650552
2012-01-26,85.610001,85.610001,85.610001,85.610001,300,80.340861
2012-01-25,85.110001,85.779999,85.110001,85.360001,7700,80.106248
2012-01-24,84.779999,84.809998,84.720001,84.769997,14800,79.552558
2012-01-23,84.75,84.839996,84.610001,84.779999,11600,79.561945
2012-01-20,85.129997,85.220001,85.040001,85.040001,900,79.805944
2012-01-19,85.610001,85.669998,85.610001,85.669998,1200,80.397166
2012-01-18,86.18,86.18,85.860001,85.860001,1400,80.575474
2012-01-17,86.00,86.059998,85.980003,86.050003,4000,80.753783
2012-01-13,85.900002,86.18,85.900002,86.120003,2800,80.819474
2012-01-12,85.639999,85.639999,85.50,85.540001,2800,80.27517
2012-01-11,85.529999,85.699997,85.440002,85.699997,17300,80.425319
2012-01-10,85.339996,85.349998,85.209999,85.209999,2300,79.965479
2012-01-09,85.370003,85.370003,85.370003,85.370003,000,80.115635
2012-01-06,85.349998,85.370003,85.290001,85.370003,4400,80.115635
2012-01-05,85.269997,85.269997,85.029999,85.029999,13900,79.796558
2012-01-04,84.989998,84.989998,84.989998,84.989998,300,79.759019
2012-01-03,85.290001,85.290001,85.269997,85.290001,600,80.040557
2011-12-30,85.830002,85.830002,85.790001,85.790001,400,80.509783
2011-12-29,85.440002,85.529999,85.440002,85.529999,1000,80.265784
2011-12-28,85.470001,85.510002,85.470001,85.510002,300,80.247018
2011-12-27,85.00,85.00,85.00,85.00,200,79.627641
2011-12-23,84.970001,85.029999,84.970001,84.980003,400,79.608908
2011-12-22,85.68,85.68,85.379997,85.379997,8900,79.98362
2011-12-21,86.160004,86.160004,86.160004,86.160004,000,80.714327
2011-12-20,86.160004,86.160004,86.160004,86.160004,300,80.714327
2011-12-19,86.339996,86.339996,86.260002,86.330002,1500,80.873581
2011-12-16,85.940002,86.190002,85.940002,86.190002,1400,80.74243
2011-12-15,85.610001,85.75,85.550003,85.739998,2700,80.320867
2011-12-14,85.510002,85.510002,85.510002,85.510002,500,80.105408
2011-12-13,84.889999,85.339996,84.889999,85.339996,1300,79.946148
2011-12-12,85.129997,85.230003,84.959999,84.959999,4000,79.590168
2011-12-09,85.010002,85.010002,84.75,84.75,1000,79.393442
2011-12-08,84.830002,85.660004,84.830002,85.25,9600,79.861839
2011-12-07,84.589996,84.809998,84.580002,84.730003,1500,79.374709
2011-12-06,85.339996,85.419998,85.269997,85.290001,1500,79.274467
2011-12-05,85.269997,85.639999,85.269997,85.639999,2600,79.59978
2011-12-02,85.32,85.489998,85.32,85.489998,1100,79.460358
2011-12-01,84.809998,85.199997,84.790001,85.199997,33600,79.190811
2011-11-30,85.169998,85.419998,85.07,85.07,11500,79.069982
2011-11-29,85.75,85.82,85.75,85.82,1100,79.62488
2011-11-28,85.339996,86.040001,85.269997,86.040001,6700,79.829
2011-11-25,86.580002,86.580002,86.580002,86.580002,000,80.33002
2011-11-23,86.099998,86.660004,86.099998,86.580002,22200,80.33002
2011-11-22,86.07,86.150002,85.919998,85.919998,800,79.71766
2011-11-21,86.050003,86.080002,85.970001,86.07,65200,79.856833
2011-11-18,85.879997,85.879997,85.639999,85.699997,700,79.51354
2011-11-17,85.690002,86.150002,85.660004,86.050003,4400,79.83828
2011-11-16,85.620003,85.75,85.599998,85.75,800,79.559934
2011-11-15,85.75,85.75,85.739998,85.739998,300,79.550653
2011-11-14,85.519997,85.720001,85.510002,85.529999,2600,79.355814
2011-11-11,85.199997,85.199997,85.190002,85.190002,200,79.040361
2011-11-10,85.519997,86.519997,85.129997,86.230003,2500,80.005287
2011-11-09,86.099998,86.099998,85.839996,85.889999,5800,79.689827
2011-11-08,85.379997,85.580002,85.089996,85.089996,1500,78.947574
2011-11-07,85.32,85.82,85.32,85.559998,4500,79.383647
2011-11-04,85.269997,85.410004,85.199997,85.239998,7600,79.086747
2011-11-03,85.239998,85.239998,85.160004,85.190002,1100,79.040361
2011-11-02,85.25,85.25,85.25,85.25,000,79.096027
2011-11-01,85.900002,85.900002,85.25,85.25,4300,79.096027
2011-10-31,84.110001,84.639999,84.110001,84.629997,4700,78.520781
2011-10-28,83.68,83.68,83.68,83.68,2000,77.526165
2011-10-27,83.190002,83.190002,83.190002,83.190002,1800,77.072202
2011-10-26,84.720001,84.720001,84.720001,84.720001,600,78.489685
2011-10-25,84.029999,84.870003,84.029999,84.870003,2800,78.628655
2011-10-24,84.389999,84.389999,83.989998,83.989998,1500,77.813366
2011-10-21,84.169998,84.470001,84.169998,84.470001,1300,78.25807
2011-10-20,84.82,84.82,84.57,84.57,600,78.350714
2011-10-19,84.480003,84.480003,84.480003,84.480003,000,78.267336
2011-10-18,84.849998,84.849998,84.480003,84.480003,1200,78.267336
2011-10-17,83.970001,83.970001,83.970001,83.970001,000,77.79484
2011-10-14,83.989998,84.129997,83.910004,83.970001,9300,77.79484
2011-10-13,84.540001,84.540001,84.279999,84.389999,1600,78.183951
2011-10-12,84.029999,84.029999,84.00,84.00,900,77.822632
2011-10-11,84.389999,84.389999,84.349998,84.360001,2000,78.156158
2011-10-10,84.089996,91.830002,83.989998,83.989998,3700,77.813366
2011-10-07,85.120003,85.120003,84.75,84.970001,17300,78.7213
2011-10-06,85.830002,85.830002,85.440002,85.440002,2300,79.156737
2011-10-05,86.290001,86.290001,85.970001,86.019997,2200,79.694078
2011-10-04,87.150002,87.160004,86.389999,86.730003,7400,80.351871
2011-10-03,86.230003,86.629997,86.230003,86.629997,4200,80.259219
2011-09-30,85.910004,85.940002,85.690002,85.889999,5600,79.573641
2011-09-29,85.599998,85.599998,85.599998,85.599998,000,79.06316
2011-09-28,85.550003,85.599998,85.550003,85.599998,600,79.06316
2011-09-27,85.620003,85.660004,85.589996,85.620003,4000,79.081637
2011-09-26,86.50,86.580002,86.220001,86.220001,4200,79.635816
2011-09-23,86.949997,86.970001,86.589996,86.669998,5500,80.051449
2011-09-22,87.389999,87.519997,87.059998,87.309998,6500,80.642575
2011-09-21,86.160004,86.410004,86.160004,86.290001,2600,79.700471
2011-09-20,85.989998,91.720001,85.910004,86.150002,6500,79.571162
2011-09-19,86.239998,86.239998,85.959999,85.970001,2300,79.404908
2011-09-16,85.040001,85.300003,84.980003,85.220001,1900,78.712181
2011-09-15,85.150002,85.150002,85.150002,85.150002,1100,78.647527
2011-09-14,85.800003,85.800003,85.639999,85.639999,1900,79.100106
2011-09-13,85.660004,85.790001,85.650002,85.760002,6600,79.210945
2011-09-12,86.099998,86.230003,86.040001,86.099998,7300,79.524978
2011-09-09,85.889999,85.889999,85.889999,85.889999,2200,79.331015
2011-09-08,85.660004,85.809998,85.639999,85.769997,1600,79.220176
2011-09-07,85.459999,85.769997,85.459999,85.510002,3000,78.980036
2011-09-06,85.410004,85.410004,85.410004,85.410004,000,78.887674
2011-09-02,85.410004,85.410004,85.410004,85.410004,100,78.887674
2011-09-01,84.43,84.809998,84.25,84.809998,600,78.333488
2011-08-31,84.620003,84.620003,84.620003,84.620003,000,78.158002
2011-08-30,84.57,84.620003,84.57,84.620003,400,78.035161
2011-08-29,84.18,84.220001,84.160004,84.190002,1900,77.638622
2011-08-26,84.730003,84.730003,84.730003,84.730003,200,78.136602
2011-08-25,84.279999,84.32,83.910004,84.279999,2100,77.721615
2011-08-24,85.029999,85.029999,85.029999,85.029999,000,78.413253
2011-08-23,85.029999,85.029999,85.029999,85.029999,000,78.413253
2011-08-22,84.889999,85.029999,84.889999,85.029999,1100,78.413253
2011-08-19,85.150002,85.349998,85.089996,85.279999,2900,78.643799
2011-08-18,85.410004,85.410004,85.410004,85.410004,100,78.763687
2011-08-17,84.190002,84.580002,84.080002,84.580002,800,77.998273
2011-08-16,83.989998,84.25,83.910004,84.25,800,77.693951
2011-08-15,83.949997,83.989998,83.760002,83.849998,6500,77.325076
2011-08-12,83.809998,83.860001,83.809998,83.809998,2000,77.288188
2011-08-11,83.949997,83.959999,83.400002,83.709999,5100,77.195971
2011-08-10,84.309998,84.50,84.169998,84.169998,1200,77.620175
2011-08-09,82.800003,84.940002,82.800003,84.669998,12000,78.081266
2011-08-08,82.82,83.139999,82.82,83.110001,400,76.642662
2011-08-05,82.489998,82.489998,82.309998,82.309998,700,75.904913
2011-08-04,82.209999,82.709999,82.169998,82.709999,1000,76.273788
2011-08-03,81.709999,81.720001,81.68,81.720001,700,75.360828
2011-08-02,81.529999,81.529999,81.529999,81.529999,200,75.185611
2011-08-01,80.889999,80.910004,80.889999,80.900002,700,74.604638
2011-07-29,79.580002,79.580002,79.580002,79.580002,000,73.387356
2011-07-28,79.580002,79.580002,79.580002,79.580002,000,73.265628
2011-07-27,79.580002,79.580002,79.580002,79.580002,200,73.265628
2011-07-26,79.400002,79.400002,79.400002,79.400002,000,73.09991
2011-07-25,79.449997,79.449997,79.400002,79.400002,400,73.09991
2011-07-22,79.470001,79.580002,79.470001,79.580002,300,73.265628
2011-07-21,79.559998,79.559998,79.529999,79.529999,2000,73.219592
2011-07-20,79.940002,79.940002,79.940002,79.940002,000,73.597064
2011-07-19,79.940002,79.940002,79.940002,79.940002,000,73.597064
2011-07-18,79.940002,79.940002,79.940002,79.940002,000,73.597064
2011-07-15,79.809998,79.940002,79.730003,79.940002,9100,73.597064
2011-07-14,79.769997,79.769997,79.769997,79.769997,000,73.440547
2011-07-13,79.769997,79.769997,79.769997,79.769997,400,73.440547
2011-07-12,79.849998,79.849998,79.849998,79.849998,300,73.514201
2011-07-11,79.779999,79.779999,79.779999,79.779999,500,73.449756
2011-07-08,79.18,79.220001,79.18,79.220001,14400,72.934192
2011-07-07,78.629997,78.629997,78.629997,78.629997,000,72.391003
2011-07-06,78.669998,78.669998,78.629997,78.629997,27400,72.391003
2011-07-05,78.519997,78.519997,78.519997,78.519997,2000,72.28973
2011-07-01,78.360001,78.360001,77.919998,77.980003,5300,71.792583
2011-06-30,78.589996,78.589996,77.93,78.32,17000,72.105602
2011-06-29,78.989998,78.989998,78.650002,78.690002,5500,72.286974
2011-06-28,79.699997,79.699997,79.110001,79.110001,8600,72.672797
2011-06-27,80.309998,80.309998,80.080002,80.080002,5100,73.563869
2011-06-24,80.18,80.18,80.18,80.18,100,73.65573
2011-06-23,79.860001,80.040001,79.860001,79.879997,4100,73.380138
2011-06-22,79.769997,79.769997,79.349998,79.349998,8200,72.893266
2011-06-21,79.510002,79.68,79.43,79.519997,6600,73.049431
2011-06-20,79.739998,79.739998,79.650002,79.650002,2100,73.168857
2011-06-17,79.629997,79.629997,79.610001,79.610001,300,73.132111
2011-06-16,79.690002,79.839996,79.690002,79.809998,2400,73.315835
2011-06-15,78.959999,79.279999,78.959999,79.279999,6500,72.828962
2011-06-14,79.00,79.00,78.760002,78.760002,5600,72.351278
2011-06-13,79.379997,79.440002,79.379997,79.440002,400,72.975946
2011-06-10,79.620003,79.620003,79.620003,79.620003,200,73.1413
2011-06-09,79.349998,79.349998,79.349998,79.349998,4500,72.893266
2011-06-08,79.589996,79.589996,79.589996,79.589996,3600,73.113735
2011-06-07,79.269997,79.269997,79.269997,79.269997,200,72.819774
2011-06-06,79.190002,79.190002,79.190002,79.190002,000,72.746289
2011-06-03,79.190002,79.190002,79.190002,79.190002,4500,72.746289
2011-06-02,79.220001,79.269997,79.220001,79.269997,400,72.819774
2011-06-01,79.239998,79.330002,79.239998,79.330002,2200,72.874896
2011-05-31,78.629997,78.879997,78.599998,78.839996,4400,72.424763
2011-05-27,78.919998,78.919998,78.919998,78.919998,200,72.330143
2011-05-26,78.559998,78.559998,78.559998,78.559998,000,72.000203
2011-05-25,78.559998,78.559998,78.559998,78.559998,100,72.000203
2011-05-24,78.230003,78.230003,78.230003,78.230003,000,71.697763
2011-05-23,78.230003,78.230003,78.230003,78.230003,000,71.697763
2011-05-20,78.25,78.25,78.230003,78.230003,500,71.697763
2011-05-19,78.32,78.32,78.32,78.32,000,71.780245
2011-05-18,78.339996,78.339996,78.32,78.32,300,71.780245
2011-05-17,78.489998,78.50,78.489998,78.50,300,71.945215
2011-05-16,77.690002,77.690002,77.690002,77.690002,000,71.202853
2011-05-13,77.690002,77.690002,77.690002,77.690002,000,71.202853
2011-05-12,78.010002,78.010002,77.690002,77.690002,12000,71.202853
2011-05-11,77.639999,77.989998,77.639999,77.93,25400,71.422811
2011-05-10,77.900002,77.900002,77.900002,77.900002,200,71.395317
2011-05-09,78.019997,78.040001,78.019997,78.040001,300,71.523626
2011-05-06,77.540001,77.540001,77.540001,77.540001,200,71.065376
2011-05-05,77.760002,77.760002,77.660004,77.760002,1200,71.267007
2011-05-04,77.489998,77.50,77.489998,77.50,400,71.028716
2011-05-03,77.269997,77.300003,77.260002,77.260002,2500,70.808758
2011-05-02,77.139999,77.139999,77.139999,77.139999,200,70.698775
2011-04-29,76.870003,77.029999,76.870003,77.029999,3700,70.59796
2011-04-28,77.089996,77.089996,76.980003,77.089996,400,70.499891
2011-04-27,77.019997,77.019997,77.019997,77.019997,000,70.435875
2011-04-26,77.019997,77.019997,77.019997,77.019997,600,70.435875
2011-04-25,76.529999,76.529999,76.529999,76.529999,1000,69.987765
2011-04-21,76.489998,76.489998,76.489998,76.489998,000,69.951183
2011-04-20,76.489998,76.489998,76.489998,76.489998,2100,69.951183
2011-04-19,76.669998,76.669998,76.669998,76.669998,2000,70.115796
2011-04-18,76.599998,76.599998,76.599998,76.599998,200,70.051781
2011-04-15,75.349998,75.349998,75.349998,75.349998,000,68.908638
2011-04-14,75.349998,75.349998,75.349998,75.349998,000,68.908638
2011-04-13,75.349998,75.349998,75.349998,75.349998,000,68.908638
2011-04-12,75.349998,75.349998,75.349998,75.349998,000,68.908638
2011-04-11,75.279999,75.349998,75.25,75.349998,1400,68.908638
2011-04-08,75.900002,75.900002,75.900002,75.900002,000,69.411623
2011-04-07,75.900002,75.900002,75.900002,75.900002,000,69.411623
2011-04-06,75.900002,75.900002,75.900002,75.900002,000,69.411623
2011-04-05,75.900002,75.900002,75.900002,75.900002,000,69.411623
2011-04-04,75.900002,75.900002,75.900002,75.900002,000,69.411623
2011-04-01,75.830002,75.900002,75.779999,75.900002,300,69.411623
2011-03-31,76.139999,76.139999,76.139999,76.139999,100,69.631105
2011-03-30,76.25,76.25,76.25,76.25,200,69.513135
2011-03-29,76.550003,76.550003,76.550003,76.550003,000,69.786632
2011-03-28,76.550003,76.550003,76.550003,76.550003,000,69.786632
2011-03-25,76.550003,76.550003,76.550003,76.550003,4200,69.786632
2011-03-24,76.959999,76.959999,76.959999,76.959999,000,70.160404
2011-03-23,76.959999,76.959999,76.959999,76.959999,200,70.160404
2011-03-22,76.809998,77.029999,76.809998,77.029999,1600,70.224219
2011-03-21,77.360001,77.360001,77.360001,77.360001,000,70.525065
2011-03-18,77.360001,77.360001,77.360001,77.360001,000,70.525065
2011-03-17,77.389999,77.389999,77.360001,77.360001,35000,70.525065
2011-03-16,77.720001,77.720001,77.489998,77.489998,300,70.643577
2011-03-15,75.470001,75.470001,75.470001,75.470001,000,68.802051
2011-03-14,75.470001,75.470001,75.470001,75.470001,000,68.802051
2011-03-11,75.470001,75.470001,75.470001,75.470001,000,68.802051
2011-03-10,75.470001,75.470001,75.470001,75.470001,000,68.802051
2011-03-09,75.470001,75.470001,75.470001,75.470001,000,68.802051
2011-03-08,75.470001,75.470001,75.470001,75.470001,000,68.802051
2011-03-07,75.470001,75.470001,75.470001,75.470001,000,68.802051
2011-03-04,75.470001,75.470001,75.470001,75.470001,000,68.802051
2011-03-03,75.470001,75.470001,75.470001,75.470001,4000,68.802051
2011-03-02,76.309998,76.309998,76.309998,76.309998,000,69.567832
2011-03-01,76.309998,76.309998,76.309998,76.309998,000,69.567832
2011-02-28,76.309998,76.309998,76.309998,76.309998,000,69.567832
2011-02-25,76.309998,76.309998,76.309998,76.309998,100,69.414673
2011-02-24,76.230003,76.230003,76.230003,76.230003,100,69.341907
2011-02-23,76.07,76.07,76.059998,76.059998,400,69.187263
2011-02-22,76.169998,76.169998,76.169998,76.169998,100,69.287324
2011-02-18,75.470001,75.470001,75.470001,75.470001,000,68.650578
2011-02-17,75.470001,75.470001,75.470001,75.470001,200,68.650578
2011-02-16,75.209999,75.209999,75.209999,75.209999,200,68.414069
2011-02-15,75.220001,75.220001,75.220001,75.220001,000,68.423168
2011-02-14,75.07,75.220001,75.07,75.220001,300,68.423168
2011-02-11,74.879997,74.879997,74.879997,74.879997,000,68.113886
2011-02-10,74.879997,74.879997,74.879997,74.879997,300,68.113886
2011-02-09,74.629997,74.879997,74.629997,74.879997,600,68.113886
2011-02-08,74.760002,74.760002,74.760002,74.760002,400,68.004734
2011-02-07,75.43,75.43,75.43,75.43,000,68.614192
2011-02-04,75.43,75.43,75.43,75.43,400,68.614192
2011-02-03,75.760002,75.760002,75.760002,75.760002,100,68.914375
2011-02-02,76.389999,76.389999,76.389999,76.389999,200,69.487446
2011-02-01,76.82,76.82,76.82,76.82,000,69.878591
2011-01-31,76.82,76.82,76.82,76.82,000,69.878591
2011-01-28,76.82,76.82,76.82,76.82,100,69.870404
2011-01-27,76.339996,76.339996,76.339996,76.339996,200,69.433825
2011-01-26,76.019997,76.019997,76.019997,76.019997,000,69.142774
2011-01-25,76.019997,76.019997,76.019997,76.019997,000,69.142774
2011-01-24,76.019997,76.019997,76.019997,76.019997,000,69.142774
2011-01-21,76.019997,76.019997,76.019997,76.019997,000,69.142774
2011-01-20,76.199997,76.199997,76.019997,76.019997,1700,69.142774
2011-01-19,76.470001,76.470001,76.470001,76.470001,400,69.552069
2011-01-18,76.529999,76.529999,76.379997,76.379997,1200,69.470207
2011-01-14,76.809998,76.809998,76.809998,76.809998,000,69.861307
2011-01-13,76.43,76.809998,76.43,76.809998,700,69.861307
2011-01-12,76.510002,76.510002,76.510002,76.510002,000,69.588451
2011-01-11,76.510002,76.510002,76.510002,76.510002,100,69.588451
2011-01-10,76.669998,76.790001,76.629997,76.639999,7300,69.706688
2011-01-07,76.269997,76.269997,76.269997,76.269997,400,69.370158
2011-01-06,75.760002,75.760002,75.760002,75.760002,000,68.906301
2011-01-05,75.760002,75.760002,75.760002,75.760002,200,68.906301
2011-01-04,76.199997,76.199997,76.199997,76.199997,000,69.306491
2011-01-03,76.199997,76.199997,76.199997,76.199997,200,69.306491
2010-12-31,76.370003,76.370003,76.370003,76.370003,000,69.461117
2010-12-30,76.370003,76.370003,76.370003,76.370003,000,69.461117
2010-12-29,75.529999,76.370003,75.50,76.370003,6600,69.461117
2010-12-28,76.50,76.50,75.889999,75.889999,3100,68.697107
2010-12-27,76.559998,76.559998,76.559998,76.559998,000,69.303602
2010-12-23,76.559998,76.559998,76.559998,76.559998,000,69.303602
2010-12-22,76.580002,76.580002,76.559998,76.559998,400,69.303602
2010-12-21,76.529999,76.529999,76.529999,76.529999,000,69.276447
2010-12-20,76.529999,76.529999,76.529999,76.529999,1500,69.276447
2010-12-17,76.199997,76.709999,76.199997,76.660004,2500,69.39413
2010-12-16,75.68,75.68,75.68,75.68,000,68.507012
2010-12-15,76.099998,76.099998,75.660004,75.68,42400,68.507012
2010-12-14,75.769997,75.769997,75.769997,75.769997,300,68.588478
2010-12-13,76.330002,76.879997,76.309998,76.879997,4800,69.593272
2010-12-10,76.599998,76.599998,76.599998,76.599998,200,69.339812
2010-12-09,76.82,77.300003,76.790001,77.279999,9500,69.955361
2010-12-08,77.080002,77.110001,76.769997,76.790001,1500,69.511806
2010-12-07,78.989998,78.989998,78.989998,78.989998,200,70.554618
2010-12-06,79.839996,79.910004,79.839996,79.910004,600,71.376376
2010-12-03,80.019997,80.019997,79.919998,79.919998,400,71.385303
2010-12-02,79.650002,79.650002,79.650002,79.650002,300,71.144139
2010-12-01,80.050003,80.050003,79.75,79.75,1100,71.233459
2010-11-30,81.029999,81.029999,81.029999,81.029999,200,72.376766
2010-11-29,80.360001,80.360001,80.360001,80.360001,000,71.596994
2010-11-26,80.360001,80.360001,80.360001,80.360001,000,71.596994
2010-11-24,80.32,80.360001,80.32,80.360001,400,71.596994
2010-11-23,81.220001,81.220001,81.220001,81.220001,800,72.363214
2010-11-22,80.32,80.32,80.32,80.32,000,71.561355
2010-11-19,80.32,80.32,80.32,80.32,000,71.561355
2010-11-18,80.32,80.32,80.32,80.32,500,71.561355
2010-11-17,80.50,80.50,80.50,80.50,000,71.721726
2010-11-16,80.50,80.50,80.50,80.50,7900,71.721726
2010-11-15,80.709999,80.879997,80.269997,80.269997,2000,71.516804
2010-11-12,81.790001,81.790001,81.410004,81.410004,12600,72.532497
2010-11-11,81.779999,81.82,81.779999,81.82,300,72.897784
2010-11-10,81.370003,81.400002,81.370003,81.400002,200,72.523586
2010-11-09,82.459999,82.459999,82.459999,82.459999,000,73.467994
2010-11-08,82.620003,82.620003,82.459999,82.459999,200,73.467994
2010-11-05,82.639999,82.639999,82.459999,82.459999,300,73.467994
2010-11-04,82.769997,82.769997,82.75,82.75,700,73.726371
2010-11-03,81.730003,81.730003,81.730003,81.730003,000,72.817602
2010-11-02,81.730003,81.730003,81.730003,81.730003,000,72.817602
2010-11-01,82.029999,82.029999,81.709999,81.730003,2400,72.817602
2010-10-29,81.739998,81.739998,81.739998,81.739998,100,72.826506
2010-10-28,81.519997,81.519997,81.519997,81.519997,000,72.466559
2010-10-27,81.330002,81.519997,81.330002,81.519997,600,72.466559
2010-10-26,81.900002,81.900002,81.900002,81.900002,500,72.804361
2010-10-25,82.290001,82.290001,82.290001,82.290001,100,73.151048
2010-10-22,82.519997,82.519997,82.519997,82.519997,000,73.355501
2010-10-21,82.519997,82.519997,82.519997,82.519997,100,73.355501
2010-10-20,82.379997,82.379997,82.379997,82.379997,000,73.23105
2010-10-19,82.379997,82.379997,82.379997,82.379997,100,73.23105
2010-10-18,82.459999,82.510002,82.410004,82.440002,1200,73.284391
2010-10-15,82.190002,82.25,81.839996,82.010002,5500,72.902145
2010-10-14,82.800003,82.800003,82.800003,82.800003,500,73.60441
2010-10-13,82.68,82.690002,82.68,82.690002,300,73.506626
2010-10-12,83.150002,83.150002,83.150002,83.150002,000,73.915539
2010-10-11,83.150002,83.150002,83.150002,83.150002,000,73.915539
2010-10-08,83.25,83.400002,83.150002,83.150002,1400,73.915539
2010-10-07,83.089996,83.120003,83.029999,83.07,4900,73.844422
2010-10-06,82.989998,83.089996,82.989998,82.989998,400,73.773305
2010-10-05,82.419998,82.489998,82.419998,82.489998,500,73.328834
2010-10-04,82.18,82.18,82.18,82.18,000,73.053264
2010-10-01,82.089996,82.18,82.089996,82.18,400,73.053264
2010-09-30,82.040001,82.040001,82.040001,82.040001,1200,72.928813
2010-09-29,82.400002,82.400002,82.400002,82.400002,200,73.079933
2010-09-28,82.660004,82.660004,82.660004,82.660004,900,73.310527
2010-09-27,82.139999,82.309998,82.139999,82.309998,5200,73.000109
2010-09-24,81.760002,81.760002,81.75,81.75,2600,72.503452
2010-09-23,82.410004,82.410004,81.970001,81.970001,400,72.698569
2010-09-22,81.459999,81.459999,81.459999,81.459999,000,72.246252
2010-09-21,81.349998,81.459999,81.209999,81.459999,900,72.246252
2010-09-20,80.790001,80.970001,80.790001,80.970001,4700,71.811677
2010-09-17,80.730003,80.730003,80.730003,80.730003,000,71.598825
2010-09-16,80.790001,80.790001,80.550003,80.730003,2600,71.598825
2010-09-15,81.099998,81.099998,81.099998,81.099998,000,71.926971
2010-09-14,81.099998,81.099998,81.099998,81.099998,300,71.926971
2010-09-13,80.57,80.900002,80.529999,80.900002,1000,71.749595
2010-09-10,80.470001,80.470001,80.470001,80.470001,200,71.368231
2010-09-09,81.040001,81.040001,80.699997,80.720001,13100,71.589954
2010-09-08,81.650002,81.650002,81.650002,81.650002,000,72.414764
2010-09-07,81.419998,81.650002,81.419998,81.650002,8700,72.414764
2010-09-03,80.830002,80.970001,80.730003,80.970001,1700,71.811677
2010-09-02,81.470001,81.470001,81.470001,81.470001,100,72.255123
2010-09-01,81.989998,81.989998,81.93,81.93,4000,72.663093
2010-08-31,82.400002,82.400002,82.220001,82.220001,1200,72.920292
2010-08-30,81.870003,82.309998,81.870003,82.309998,2600,72.818301
2010-08-27,82.18,82.379997,81.68,81.760002,3900,72.331729
2010-08-26,82.190002,82.529999,82.129997,82.529999,3100,73.012932
2010-08-25,82.629997,82.629997,82.209999,82.209999,300,72.729834
2010-08-24,82.400002,82.540001,82.400002,82.519997,600,73.004084
2010-08-23,81.699997,81.879997,81.699997,81.879997,1200,72.437887
2010-08-20,81.769997,81.769997,81.769997,81.769997,200,72.340571
2010-08-19,82.120003,82.150002,82.120003,82.150002,6400,72.676755
2010-08-18,81.830002,81.830002,81.690002,81.690002,1700,72.269801
2010-08-17,81.919998,81.919998,81.699997,81.699997,400,72.278643
2010-08-16,82.019997,82.110001,82.019997,82.099998,600,72.632518
2010-08-13,81.269997,81.379997,81.269997,81.379997,700,71.995545
2010-08-12,81.260002,81.260002,81.239998,81.25,900,71.880538
2010-08-11,81.050003,81.260002,81.050003,81.260002,2100,71.889387
2010-08-10,80.459999,80.699997,80.459999,80.699997,300,71.39396
2010-08-09,80.470001,80.470001,80.379997,80.419998,1200,71.146249
2010-08-06,80.459999,80.480003,80.459999,80.480003,5600,71.199335
2010-08-05,79.940002,79.940002,79.910004,79.910004,400,70.695066
2010-08-04,79.910004,79.910004,79.910004,79.910004,700,70.695066
2010-08-03,79.800003,79.900002,79.779999,79.839996,8000,70.633131
2010-08-02,79.580002,79.580002,79.580002,79.580002,100,70.403118
2010-07-30,79.720001,79.790001,79.599998,79.790001,500,70.588901
2010-07-29,79.389999,79.580002,79.379997,79.519997,11600,70.168671
2010-07-28,79.010002,79.010002,78.940002,78.940002,300,69.656882
2010-07-27,79.089996,79.260002,79.040001,79.059998,18100,69.762766
2010-07-26,79.18,79.239998,79.059998,79.230003,6800,69.91278
2010-07-23,79.370003,79.370003,79.370003,79.370003,100,70.036316
2010-07-22,79.589996,79.599998,79.589996,79.599998,48700,70.239265
2010-07-21,79.769997,79.769997,79.769997,79.769997,100,70.389271
2010-07-20,79.68,79.790001,79.650002,79.790001,500,70.406923
2010-07-19,79.629997,79.650002,79.470001,79.470001,1600,70.124555
2010-07-16,79.32,79.690002,79.260002,79.68,5700,70.309858
2010-07-15,79.019997,79.389999,79.019997,79.32,14400,69.992193
2010-07-14,78.690002,78.690002,78.550003,78.550003,200,69.312746
2010-07-13,78.580002,78.650002,78.459999,78.459999,15300,69.233326
2010-07-12,78.809998,78.93,78.730003,78.730003,9100,69.471578
2010-07-09,78.739998,78.739998,78.699997,78.699997,13000,69.445101
2010-07-08,79.25,79.25,79.25,79.25,000,69.930425
2010-07-07,79.25,79.25,79.25,79.25,700,69.930425
2010-07-06,79.139999,79.290001,79.080002,79.290001,2300,69.965722
2010-07-02,79.150002,79.160004,79.150002,79.160004,600,69.851012
2010-07-01,79.25,79.550003,79.230003,79.25,4000,69.930425
2010-06-30,79.199997,79.309998,79.059998,79.309998,2000,69.983367
2010-06-29,79.169998,79.410004,79.169998,79.400002,1500,69.858953
2010-06-28,78.849998,78.849998,78.849998,78.849998,500,69.375041
2010-06-25,78.470001,78.470001,78.470001,78.470001,200,69.040706
2010-06-24,78.660004,78.660004,78.660004,78.660004,400,69.207877
2010-06-23,78.50,78.50,78.50,78.50,200,69.0671
2010-06-22,77.540001,77.540001,77.540001,77.540001,000,68.222458
2010-06-21,77.379997,77.540001,77.379997,77.540001,300,68.222458
2010-06-18,77.830002,77.870003,77.760002,77.760002,3400,68.416023
2010-06-17,77.690002,77.959999,77.690002,77.959999,10400,68.591988
2010-06-16,77.239998,77.239998,77.239998,77.239998,000,67.958505
2010-06-15,77.239998,77.239998,77.239998,77.239998,500,67.958505
2010-06-14,77.230003,77.230003,77.209999,77.209999,5100,67.932111
2010-06-11,77.279999,77.279999,77.279999,77.279999,2800,67.993699
2010-06-10,77.75,77.75,77.75,77.75,000,68.407223
2010-06-09,77.580002,77.75,77.540001,77.75,1000,68.407223
2010-06-08,77.779999,77.940002,77.779999,77.910004,2200,68.548
2010-06-07,77.769997,77.779999,77.769997,77.779999,300,68.433617
2010-06-04,77.50,77.50,77.50,77.50,100,68.187264
2010-06-03,76.610001,76.610001,76.610001,76.610001,100,67.404211
2010-06-02,76.980003,77.080002,76.980003,77.080002,500,67.817735
2010-06-01,77.110001,77.169998,77.110001,77.169998,2500,67.896917
2010-05-28,76.970001,77.059998,76.949997,77.059998,500,67.800134
2010-05-27,77.169998,77.169998,77.050003,77.050003,2600,67.61625
2010-05-26,77.419998,77.419998,77.419998,77.419998,1200,67.940944
2010-05-25,78.120003,78.120003,77.93,77.93,700,68.388503
2010-05-24,77.769997,77.769997,77.68,77.68,300,68.169113
2010-05-21,78.239998,78.239998,77.709999,77.730003,1200,68.212993
2010-05-20,77.489998,77.690002,77.489998,77.550003,2500,68.055032
2010-05-19,76.730003,76.730003,76.730003,76.730003,200,67.33543
2010-05-18,76.459999,76.459999,76.400002,76.400002,1500,67.045833
2010-05-17,76.370003,76.459999,76.370003,76.459999,700,67.098484
2010-05-14,75.879997,75.879997,75.879997,75.879997,000,66.589496
2010-05-13,75.580002,75.879997,75.580002,75.879997,800,66.589496
2010-05-12,75.879997,75.879997,75.879997,75.879997,000,66.589496
2010-05-11,75.879997,75.879997,75.879997,75.879997,000,66.589496
2010-05-10,75.690002,75.919998,75.68,75.879997,2200,66.589496
2010-05-07,76.480003,76.480003,76.459999,76.459999,400,67.098484
2010-05-06,75.360001,75.360001,75.360001,75.360001,000,66.133166
2010-05-05,75.360001,75.360001,75.360001,75.360001,000,66.133166
2010-05-04,75.43,75.43,75.360001,75.360001,500,66.133166
2010-05-03,75.00,75.00,75.00,75.00,100,65.817243
2010-04-30,75.120003,75.120003,75.120003,75.120003,100,65.922553
2010-04-29,75.07,75.07,75.07,75.07,000,65.690876
2010-04-28,75.07,75.07,75.07,75.07,000,65.690876
2010-04-27,75.07,75.07,75.07,75.07,700,65.690876
2010-04-26,74.510002,74.510002,74.510002,74.510002,1300,65.200844
2010-04-23,74.82,74.82,74.82,74.82,000,65.472111
2010-04-22,74.82,74.82,74.82,74.82,000,65.472111
2010-04-21,74.75,74.830002,74.75,74.82,1100,65.472111
2010-04-20,74.580002,74.580002,74.580002,74.580002,000,65.262098
2010-04-19,74.580002,74.580002,74.580002,74.580002,400,65.262098
2010-04-16,73.699997,73.699997,73.699997,73.699997,000,64.49204
2010-04-15,73.699997,73.699997,73.699997,73.699997,000,64.49204
2010-04-14,73.699997,73.699997,73.699997,73.699997,000,64.49204
2010-04-13,73.699997,73.699997,73.699997,73.699997,000,64.49204
2010-04-12,73.699997,73.699997,73.699997,73.699997,000,64.49204
2010-04-09,73.709999,73.709999,73.699997,73.699997,1500,64.49204
2010-04-08,73.339996,73.339996,73.339996,73.339996,000,64.177017
2010-04-07,73.339996,73.339996,73.339996,73.339996,000,64.177017
2010-04-06,73.339996,73.339996,73.339996,73.339996,000,64.177017
2010-04-05,73.339996,73.339996,73.339996,73.339996,500,64.177017
2010-04-01,73.989998,73.989998,73.989998,73.989998,000,64.745808
2010-03-31,73.989998,73.989998,73.989998,73.989998,000,64.745808
2010-03-30,73.989998,73.989998,73.989998,73.989998,100,64.539294
2010-03-29,74.050003,74.050003,74.050003,74.050003,200,64.591635
2010-03-26,74.239998,74.239998,74.239998,74.239998,1200,64.757362
2010-03-25,73.900002,73.900002,73.900002,73.900002,700,64.460793
2010-03-24,75.099998,75.099998,75.099998,75.099998,000,65.507515
2010-03-23,75.120003,75.120003,75.099998,75.099998,800,65.507515
2010-03-22,75.089996,75.089996,75.089996,75.089996,000,65.49879
2010-03-19,75.089996,75.089996,75.089996,75.089996,000,65.49879
2010-03-18,75.089996,75.089996,75.089996,75.089996,000,65.49879
2010-03-17,75.089996,75.089996,75.089996,75.089996,000,65.49879
2010-03-16,75.089996,75.089996,75.089996,75.089996,1000,65.49879
2010-03-15,74.769997,74.849998,74.769997,74.849998,400,65.289447
2010-03-12,74.769997,74.769997,74.769997,74.769997,000,65.219664
2010-03-11,74.769997,74.769997,74.769997,74.769997,000,65.219664
2010-03-10,74.769997,74.769997,74.769997,74.769997,000,65.219664
2010-03-09,74.769997,74.769997,74.769997,74.769997,000,65.219664
2010-03-08,74.769997,74.769997,74.769997,74.769997,000,65.219664
2010-03-05,74.980003,74.980003,74.769997,74.769997,700,65.219664
2010-03-04,75.279999,75.279999,75.279999,75.279999,100,65.664524
2010-03-03,75.029999,75.029999,75.029999,75.029999,200,65.446456
2010-03-02,75.110001,75.110001,75.110001,75.110001,000,65.51624
2010-03-01,75.110001,75.110001,75.110001,75.110001,800,65.51624
2010-02-26,74.879997,74.879997,74.879997,74.879997,000,65.315614
2010-02-25,74.879997,74.879997,74.879997,74.879997,000,65.143777
2010-02-24,74.879997,74.879997,74.879997,74.879997,100,65.143777
2010-02-23,74.830002,74.830002,74.830002,74.830002,200,65.100282
2010-02-22,74.870003,74.870003,74.870003,74.870003,000,65.135082
2010-02-19,74.870003,74.870003,74.870003,74.870003,000,65.135082
2010-02-18,74.870003,74.870003,74.870003,74.870003,000,65.135082
2010-02-17,74.870003,74.870003,74.870003,74.870003,500,65.135082
2010-02-16,74.75,74.75,74.75,74.75,000,65.030683
2010-02-12,74.75,74.75,74.75,74.75,000,65.030683
2010-02-11,74.75,74.75,74.75,74.75,000,65.030683
2010-02-10,74.839996,74.839996,74.75,74.75,200,65.030683
2010-02-09,75.050003,75.050003,75.010002,75.010002,1000,65.256878
2010-02-08,75.150002,75.150002,75.150002,75.150002,000,65.378674
2010-02-05,75.150002,75.150002,75.150002,75.150002,800,65.378674
2010-02-04,74.629997,74.629997,74.629997,74.629997,000,64.926283
2010-02-03,74.610001,74.629997,74.610001,74.629997,600,64.926283
2010-02-02,74.940002,74.940002,74.940002,74.940002,200,65.19598
2010-02-01,74.599998,74.599998,74.599998,74.599998,000,64.900185
2010-01-29,74.599998,74.599998,74.599998,74.599998,4100,64.900185
2010-01-28,74.370003,74.370003,74.370003,74.370003,000,64.515659
2010-01-27,74.370003,74.370003,74.370003,74.370003,000,64.515659
2010-01-26,74.370003,74.370003,74.370003,74.370003,000,64.515659
2010-01-25,74.370003,74.370003,74.370003,74.370003,000,64.515659
2010-01-22,74.370003,74.370003,74.370003,74.370003,000,64.515659
2010-01-21,74.370003,74.370003,74.370003,74.370003,000,64.515659
2010-01-20,74.370003,74.370003,74.370003,74.370003,000,64.515659
2010-01-19,74.370003,74.370003,74.370003,74.370003,000,64.515659
2010-01-15,74.370003,74.370003,74.370003,74.370003,000,64.515659
2010-01-14,74.370003,74.370003,74.370003,74.370003,000,64.515659
2010-01-13,74.370003,74.370003,74.370003,74.370003,000,64.515659
2010-01-12,74.370003,74.370003,74.370003,74.370003,100,64.515659
2010-01-11,73.959999,73.959999,73.959999,73.959999,000,64.159982
2010-01-08,73.959999,73.959999,73.959999,73.959999,1500,64.159982
2010-01-07,73.860001,73.870003,73.839996,73.849998,7000,64.064557
2010-01-06,74.199997,74.199997,74.199997,74.199997,000,64.368179
2010-01-05,74.190002,74.199997,74.190002,74.199997,1000,64.368179
2010-01-04,73.769997,73.769997,73.769997,73.769997,1000,63.995156
2009-12-31,73.620003,73.620003,73.620003,73.620003,200,63.865037
2009-12-30,73.790001,73.790001,73.790001,73.790001,000,64.01251
2009-12-29,73.790001,73.790001,73.790001,73.790001,000,64.01251
2009-12-28,73.919998,73.919998,73.790001,73.790001,84400,63.851156
2009-12-24,74.419998,74.419998,74.419998,74.419998,000,64.396299
2009-12-23,74.419998,74.419998,74.419998,74.419998,000,64.396299
2009-12-22,74.419998,74.419998,74.419998,74.419998,100,64.396299
2009-12-21,75.169998,75.169998,75.169998,75.169998,000,65.04528
2009-12-18,75.169998,75.169998,75.169998,75.169998,000,65.04528
2009-12-17,75.169998,75.169998,75.169998,75.169998,000,65.04528
2009-12-16,75.099998,75.25,75.099998,75.169998,30300,65.04528
2009-12-15,75.279999,75.279999,75.279999,75.279999,000,65.09633
2009-12-14,75.279999,75.279999,75.279999,75.279999,300,65.09633
2009-12-11,75.839996,75.839996,75.839996,75.839996,000,65.580573
2009-12-10,75.839996,75.839996,75.839996,75.839996,000,65.580573
2009-12-09,70.82,75.839996,70.82,75.839996,200,65.580573
2009-12-08,76.110001,76.110001,76.110001,76.110001,000,65.814052
2009-12-07,76.110001,76.110001,76.110001,76.110001,000,65.814052
2009-12-04,76.110001,76.110001,76.110001,76.110001,000,65.814052
2009-12-03,76.110001,76.110001,76.110001,76.110001,200,65.814052
2009-12-02,76.599998,76.769997,76.599998,76.769997,1400,66.384766
2009-12-01,77.089996,77.089996,77.089996,77.089996,000,66.661477
2009-11-30,76.989998,77.089996,76.959999,77.089996,14400,66.661477
2009-11-27,77.220001,77.220001,77.129997,77.199997,1500,66.580194
2009-11-25,76.900002,76.919998,76.900002,76.919998,400,66.338713
2009-11-24,76.489998,76.519997,76.489998,76.519997,18400,65.993736
2009-11-23,76.410004,76.410004,76.410004,76.410004,000,65.898874
2009-11-20,76.410004,76.410004,76.410004,76.410004,000,65.898874
2009-11-19,76.410004,76.410004,76.410004,76.410004,000,65.898874
2009-11-18,76.410004,76.410004,76.410004,76.410004,000,65.898874
2009-11-17,76.419998,76.480003,76.410004,76.410004,14400,65.898874
2009-11-16,75.949997,75.949997,75.800003,75.800003,500,65.372787
2009-11-13,75.760002,75.760002,75.760002,75.760002,100,65.338288
2009-11-12,75.199997,75.199997,75.199997,75.199997,000,64.855319
2009-11-11,75.199997,75.199997,75.199997,75.199997,000,64.855319
2009-11-10,75.199997,75.199997,75.199997,75.199997,000,64.855319
2009-11-09,75.199997,75.199997,75.199997,75.199997,000,64.855319
2009-11-06,75.199997,75.199997,75.199997,75.199997,000,64.855319
2009-11-05,75.199997,75.199997,75.199997,75.199997,000,64.855319
2009-11-04,75.139999,75.199997,75.07,75.199997,1100,64.855319
2009-11-03,75.720001,75.720001,75.720001,75.720001,000,65.30379
2009-11-02,75.720001,75.720001,75.720001,75.720001,200,65.30379
2009-10-30,75.389999,75.389999,75.389999,75.389999,000,65.019184
2009-10-29,75.349998,75.389999,75.199997,75.389999,5300,64.849286
2009-10-28,75.620003,75.800003,75.620003,75.800003,400,65.201964
2009-10-27,75.120003,75.120003,75.120003,75.120003,5000,64.617039
2009-10-26,75.739998,75.739998,75.739998,75.739998,000,65.150349
2009-10-23,75.739998,75.739998,75.739998,75.739998,000,65.150349
2009-10-22,75.739998,75.739998,75.739998,75.739998,000,65.150349
2009-10-21,75.739998,75.739998,75.739998,75.739998,100,65.150349
2009-10-20,76.120003,76.120003,76.120003,76.120003,100,65.477223
2009-10-19,75.480003,75.480003,75.480003,75.480003,000,64.926706
2009-10-16,75.480003,75.480003,75.480003,75.480003,100,64.926706
2009-10-15,75.400002,75.57,75.400002,75.57,200,65.004119
2009-10-14,75.75,75.75,75.610001,75.610001,5300,65.038527
2009-10-13,75.900002,75.900002,75.900002,75.900002,000,65.287982
2009-10-12,75.900002,75.900002,75.900002,75.900002,1000,65.287982
2009-10-09,76.650002,76.650002,76.650002,76.650002,000,65.93312
2009-10-08,77.010002,77.040001,76.650002,76.650002,6100,65.93312
2009-10-07,76.440002,76.440002,76.440002,76.440002,000,65.752482
2009-10-06,76.440002,76.440002,76.440002,76.440002,200,65.752482
2009-10-05,76.830002,76.849998,76.760002,76.760002,000,66.02774
2009-10-02,77.00,77.00,76.589996,76.589996,000,65.881504
2009-10-01,76.360001,76.360001,76.360001,76.360001,000,65.683665
2009-09-30,76.230003,76.230003,76.230003,76.230003,000,65.571844
2009-09-29,75.980003,76.230003,75.980003,76.230003,000,65.481525
2009-09-28,75.730003,75.730003,75.730003,75.730003,000,65.052025
2009-09-25,75.730003,75.730003,75.730003,75.730003,000,65.052025
2009-09-24,75.730003,75.730003,75.730003,75.730003,000,65.052025
2009-09-23,75.43,75.529999,75.43,75.529999,000,64.880221
2009-09-22,75.43,75.43,75.43,75.43,000,64.794323
2009-09-21,75.43,75.43,75.43,75.43,000,64.794323
2009-09-18,75.43,75.43,75.43,75.43,000,64.794323
2009-09-17,75.330002,75.43,75.330002,75.43,000,64.794323
